,team,position,Height,Weight,Birthdate,Full_name,age,First_name,Last_name,player
0,OKC,SG,"6'6""",190,8/01/1993, Alex  Abrines,23.7453798768,Alex,Abrines,A. AbrinesA. Abrines
1,BKN,F,"6'7""",240,10/06/1990, Quincy  Acy,26.5653661875,Quincy,Acy,Q. AcyQ. Acy
2,FA,SG,"6'5""",209,7/08/1994, Jordan  Adams,22.8117727584,Jordan,Adams,J. AdamsJ. Adams
3,OKC,C,"7'0""",255,7/20/1993, Steven  Adams,23.7782340862,Steven,Adams,S. AdamsS. Adams
4,SAC,G/F,"6'5""",210,10/15/1985, Arron  Afflalo,31.5400410678,Arron,Afflalo,A. AfflaloA. Afflalo
5,NO,F/C,"7'2""",248,5/06/1988, Alexis  Ajinca,28.9828884326,Alexis,Ajinca,A. AjincaA. Ajinca
6,MIN,C,"6'11""",250,10/31/1988, Cole  Aldrich,28.4955509925,Cole,Aldrich,C. AldrichC. Aldrich
7,SA,F/C,"6'11""",260,7/19/1985, LaMarcus  Aldridge,31.780971937,LaMarcus,Aldridge,L. AldridgeL. Aldridge
8,FA,PF,"6'8""",245,11/16/1995, Cliff  Alexander,21.453798768,Cliff,Alexander,C. AlexanderC. Alexander
9,IND,F/C,"6'9""",260,2/04/1989, Lavoy  Allen,28.2327173169,Lavoy,Allen,L. AllenL. Allen
10,MEM,G/F,"6'4""",213,1/11/1982, Tony  Allen,35.2991101985,Tony,Allen,T. AllenT. Allen
11,POR,F,"6'9""",220,9/21/1990, Al-Farouq  Aminu,26.6064339493,Al-Farouq,Aminu,A. AminuA. Aminu
12,FA,PF,"6'9""",225,12/07/1982, Louis  Amundson,34.3956194387,Louis,Amundson,L. AmundsonL. Amundson
13,CHA,F/C,"6'10""",245,7/07/1978, Chris  Andersen,38.8145106092,Chris,Andersen,C. AndersenC. Andersen
14,LAC,G/F,"6'6""",220,10/16/1982, Alan  Anderson,34.5379876797,Alan,Anderson,A. AndersonA. Anderson
15,FA,G/F,"6'6""",215,3/25/1989, James  Anderson,28.0985626283,James,Anderson,J. AndersonJ. Anderson
16,PHI,SF,"6'6""",228,11/19/1993, Justin  Anderson,23.4442162902,Justin,Anderson,J. AndersonJ. Anderson
17,SA,G/F,"6'9""",230,9/20/1993, Kyle  Anderson,23.6084873374,Kyle,Anderson,K. AndersonK. Anderson
18,HOU,F/C,"6'10""",240,5/06/1988, Ryan  Anderson,28.9828884326,Ryan,Anderson,R. AndersonR. Anderson
19,FA,PG,"6'2""",200,5/25/1993, Andrew  Andrews,23.9315537303,Andrew,Andrews,A. AndrewsA. Andrews
20,MIL,F,"6'11""",222,12/06/1994, Giannis  Antetokounmpo,22.3983572895,Giannis,Antetokounmpo,G. AntetokounmpoG. Antetokounmpo
21,NY,F,"6'8""",240,5/29/1984, Carmelo  Anthony,32.9199178645,Carmelo,Anthony,C. AnthonyC. Anthony
22,SA,F/C,"6'9""",245,8/09/1982, Joel  Anthony,34.7241615332,Joel,Anthony,J. AnthonyJ. Anthony
23,FA,PG,"6'3""",195,3/26/1994, Ryan  Arcidiacono,23.0965092402,Ryan,Arcidiacono,R. ArcidiaconoR. Arcidiacono
24,HOU,G/F,"6'8""",215,6/30/1985, Trevor  Ariza,31.832991102,Trevor,Ariza,T. ArizaT. Ariza
25,DET,F/C,"6'9""",245,8/09/1982, Joel  Anthony,34.7241615332,Joel,Anthony,J. AnthonyJ. Anthony
26,FA,C,"6'11""",265,7/29/1982, Pero  Antic,34.7542778919,Pero,Antic,P. AnticP. Antic
27,ORL,PG,"6'1""",185,2/13/1992, Keith  Appling,25.2101300479,Keith,Appling,K. ApplingK. Appling
28,HOU,G/F,"6'8""",215,6/30/1985, Trevor  Ariza,31.832991102,Trevor,Ariza,T. ArizaT. Ariza
29,DEN,F/C,"6'9""",235,3/25/1988, Darrell  Arthur,29.0978781656,Darrell,Arthur,D. ArthurD. Arthur
30,FA,PF,"6'9""",230,7/15/1994, Brandon  Ashley,22.7926078029,Brandon,Ashley,B. AshleyB. Ashley
31,NO,F/C,"7'0""",255,7/04/1986, Omer  Asik,30.8227241615,Omer,Asik,O. AsikO. Asik
32,FA,PF,"6'8""",241,9/17/1992, Darion  Atkins,24.6160164271,Darion,Atkins,D. AtkinsD. Atkins
33,FA,PG,"6'2""",182,12/14/1991, Eric  Atkins,25.3771389459,Eric,Atkins,E. AtkinsE. Atkins
34,DEN,PG,"6'0""",183,11/10/1987, D.J.  Augustin,29.4702258727,D.J.,Augustin,D. AugustinD. Augustin
35,LAC,F/C,"6'9""",250,4/29/1987, Jeff  Ayres,30.0041067762,Jeff,Ayres,J. AyresJ. Ayres
36,FA,SG,"6'5""",225,2/14/1990, Chris  Babb,27.2060232717,Chris,Babb,C. BabbC. Babb
37,NO,SF,"6'9""",217,6/20/1989, Luke  Babbitt,27.8603696099,Luke,Babbitt,L. BabbittL. Babbitt
38,FA,C,"7'2""",254,9/06/1989, Jordan  Bachynski,27.6468172485,Jordan,Bachynski,J. BachynskiJ. Bachynski
39,DET,F/C,"6'9""",260,12/07/1990, Cameron  Bairstow,26.3956194387,Cameron,Bairstow,C. BairstowC. Bairstow
40,GS,G,"6'3""",194,11/28/1982, Leandro  Barbosa,34.4202600958,Leandro,Barbosa,L. BarbosaL. Barbosa
41,DAL,G,"6'0""",185,6/26/1984, J.J.  Barea,32.8432580424,J.J.,Barea,J. BareaJ. Barea
42,BKN,F/C,"7'0""",245,10/26/1985, Andrea  Bargnani,31.5099247091,Andrea,Bargnani,A. BargnaniA. Bargnani
43,GS,F,"6'8""",225,5/30/1992, Harrison  Barnes,24.9171800137,Harrison,Barnes,H. BarnesH. Barnes
44,MEM,G/F,"6'7""",226,3/09/1980, Matt  Barnes,37.1416837782,Matt,Barnes,M. BarnesM. Barnes
45,FA,F/C,"7'0""",250,8/14/1981, Earl  Barron,35.7097878166,Earl,Barron,E. BarronE. Barron
46,DEN,G/F,"6'6""",175,1/06/1991, Will  Barton,26.3134839151,Will,Barton,W. BartonW. Barton
47,LAL,F/C,"6'8""",250,4/30/1985, Brandon  Bass,32.0,Brandon,Bass,B. BassB. Bass
48,CHA,G/F,"6'8""",200,12/14/1988, Nicolas  Batum,28.3750855578,Nicolas,Batum,N. BatumN. Batum
49,MIL,G,"6'3""",200,8/20/1988, Jerryd  Bayless,28.6926762491,Jerryd,Bayless,J. BaylessJ. Bayless
50,DET,C,"6'10""",260,12/09/1986, Aron  Baynes,30.3901437372,Aron,Baynes,A. BaynesA. Baynes
51,ATL,G/F,"6'5""",201,7/01/1989, Kent  Bazemore,27.8302532512,Kent,Bazemore,K. BazemoreK. Bazemore
52,WSH,SG,"6'5""",207,6/28/1993, Bradley  Beal,23.8384668036,Bradley,Beal,B. BealB. Beal
53,HOU,F,"6'10""",235,1/09/1989, Michael  Beasley,28.3039014374,Michael,Beasley,M. BeasleyM. Beasley
54,FA,C,"7'3""",260,7/09/1985, Mirza  Begic,31.8083504449,Mirza,Begic,M. BegicM. Begic
55,SAC,G/F,"6'5""",215,3/25/1986, Marco  Belinelli,31.099247091,Marco,Belinelli,M. BelinelliM. Belinelli
56,TOR,F,"6'8""",245,3/14/1993, Anthony  Bennett,24.128678987,Anthony,Bennett,A. BennettA. Bennett
57,FA,C,"6'11""",230,8/13/1988, Keith  Benson,28.7118412047,Keith,Benson,K. BensonK. Benson
58,HOU,G,"6'1""",185,7/12/1988, Patrick  Beverley,28.7994524298,Patrick,Beverley,P. BeverleyP. Beverley
59,TOR,F/C,"6'9""",255,8/28/1992, Bismack  Biyombo,24.6707734428,Bismack,Biyombo,B. BiyomboB. Biyombo
60,MIN,PF,"6'10""",234,5/09/1988, Nemanja  Bjelica,28.9746748802,Nemanja,Bjelica,N. BjelicaN. Bjelica
61,LAL,F/C,"6'9""",250,11/22/1991, Tarik  Black,25.4373716632,Tarik,Black,T. BlackT. Black
62,PHX,F/C,"6'7""",260,4/22/1989, DeJuan  Blair,28.0219028063,DeJuan,Blair,D. BlairD. Blair
63,DET,G,"6'3""",175,2/26/1980, Steve  Blake,37.1745379877,Steve,Blake,S. BlakeS. Blake
64,PHX,G,"6'1""",190,12/09/1989, Eric  Bledsoe,27.3894592745,Eric,Bledsoe,E. BledsoeE. Bledsoe
65,FA,PG,"6'5""",200,7/17/1992, Vander  Blue,24.7857631759,Vander,Blue,V. BlueV. Blue
66,FA,PG,"6'0""",175,12/27/1992, Ryan  Boatright,24.3394934976,Ryan,Boatright,R. BoatrightR. Boatright
67,BKN,G/F,"6'8""",216,4/18/1989, Bojan  Bogdanovic,28.0328542094,Bojan,Bogdanovic,B. BogdanovicB. Bogdanovic
68,GS,C,"7'0""",260,11/28/1984, Andrew  Bogut,32.4188911704,Andrew,Bogut,A. BogutA. Bogut
69,SA,F/C,"6'10""",235,4/05/1980, Matt  Bonner,37.067761807,Matt,Bonner,M. BonnerM. Bonner
70,PHX,SG,"6'6""",206,10/30/1996, Devin  Booker,20.4982888433,Devin,Booker,D. BookerD. Booker
71,UTA,PF,"6'8""",230,11/25/1987, Trevor  Booker,29.4291581109,Trevor,Booker,T. BookerT. Booker
72,FA,F/C,"6'9""",258,11/20/1981, Carlos  Boozer,35.4414784394,Carlos,Boozer,C. BoozerC. Boozer
73,MIA,F/C,"6'11""",235,3/24/1984, Chris  Bosh,33.1006160164,Chris,Bosh,C. BoshC. Bosh
74,BOS,G,"6'2""",180,11/26/1990, Avery  Bradley,26.4257357974,Avery,Bradley,A. BradleyA. Bradley
75,PHI,F/C,"6'9""",254,3/11/1979, Elton  Brand,38.1382614648,Elton,Brand,E. BrandE. Brand
76,HOU,G/F,"6'9""",186,3/05/1986, Corey  Brewer,31.1540041068,Corey,Brewer,C. BrewerC. Brewer
77,CHI,PG,"6'0""",185,1/14/1985, Aaron  Brooks,32.2902121834,Aaron,Brooks,A. BrooksA. Brooks
78,LAL,SF,"6'5""",210,10/10/1992, Anthony  Brown,24.553045859,Anthony,Brown,A. BrownA. Brown
79,FA,SG,"6'5""",215,12/18/1992, Jabari  Brown,24.3641341547,Jabari,Brown,J. BrownJ. Brown
80,DET,PG,"6'5""",186,8/26/1990, Lorenzo  Brown,26.6776180698,Lorenzo,Brown,L. BrownL. Brown
81,BKN,SG,"6'3""",185,1/29/1992, Markel  Brown,25.2511978097,Markel,Brown,M. BrownM. Brown
82,LAL,G/F,"6'6""",212,8/23/1978, Kobe  Bryant,38.6858316222,Kobe,Bryant,K. BryantK. Bryant
83,PHX,G/F,"6'7""",209,5/22/1988, Chase  Budinger,28.93908282,Chase,Budinger,C. BudingerC. Budinger
84,DET,G/F,"6'7""",205,3/16/1991, Reggie  Bullock,26.1245722108,Reggie,Bullock,R. BullockR. Bullock
85,UTA,PG,"6'1""",185,11/12/1992, Trey  Burke,24.462696783,Trey,Burke,T. BurkeT. Burke
86,UTA,G,"6'6""",211,7/20/1991, Alec  Burks,25.7796030116,Alec,Burks,A. BurksA. Burks
87,FA,PG,"6'1""",190,7/26/1991, Deonte  Burton,25.7631759069,Deonte,Burton,D. BurtonD. Burton
88,SAC,SF,"6'7""",217,3/13/1980, Caron  Butler,37.1307323751,Caron,Butler,C. ButlerC. Butler
89,CHI,G/F,"6'7""",230,9/14/1989, Jimmy  Butler,27.6249144422,Jimmy,Butler,J. ButlerJ. Butler
90,SA,G/F,"6'7""",205,5/23/1979, Rasual  Butler,37.9383983573,Rasual,Butler,R. ButlerR. Butler
91,FA,PG,"6'0""",185,1/04/1983, Will  Bynum,34.3189596167,Will,Bynum,W. BynumW. Bynum
92,TOR,SF,"6'9""",218,9/21/1995, Bruno  Caboclo,21.607118412,Bruno,Caboclo,B. CabocloB. Caboclo
93,FA,G,"6'6""",213,2/07/1989, Nick  Calathes,28.2245037645,Nick,Calathes,N. CalathesN. Calathes
94,NY,PG,"6'3""",210,9/28/1981, Jose  Calderon,35.5865845311,Jose,Calderon,J. CalderonJ. Calderon
95,DET,SG,"6'5""",205,2/18/1993, Kentavious  Caldwell-Pope,24.1943874059,Kentavious,Caldwell-Pope,K. Caldwell-PopeK. Caldwell-Pope
96,PHI,PG,"6'0""",201,5/21/1991, Isaiah  Canaan,25.9438740589,Isaiah,Canaan,I. CanaanI. Canaan
97,HOU,F/C,"6'10""",240,5/18/1994, Clint  Capela,22.9514031485,Clint,Capela,C. CapelaC. Capela
98,TOR,F,"6'8""",215,7/27/1986, DeMarre  Carroll,30.7597535934,DeMarre,Carroll,D. CarrollD. Carroll
99,FA,PF,"6'8""",220,9/11/1990, Sampson  Carter,26.6338124572,Sampson,Carter,S. CarterS. Carter
100,MEM,G/F,"6'6""",220,1/26/1977, Vince  Carter,40.257357974,Vince,Carter,V. CarterV. Carter
101,MIL,PG,"6'6""",190,10/10/1991, Michael  Carter-Williams,25.5550992471,Michael,Carter-Williams,M. Carter-WilliamsM. Carter-Williams
102,FA,PF,"6'7""",225,11/27/1989, Kyle  Casey,27.4223134839,Kyle,Casey,K. CaseyK. Casey
103,SAC,F,"6'9""",225,6/22/1988, Omri  Casspi,28.8542094456,Omri,Casspi,O. CasspiO. Casspi
104,SAC,F/C,"7'0""",240,8/18/1993, Willie  Cauley-Stein,23.6988364134,Willie,Cauley-Stein,W. Cauley-SteinW. Cauley-Stein
105,MEM,G,"6'2""",190,5/19/1986, Mario  Chalmers,30.9486652977,Mario,Chalmers,M. ChalmersM. Chalmers
106,PHX,C,"7'1""",240,10/02/1982, Tyson  Chandler,34.5763175907,Tyson,Chandler,T. ChandlerT. Chandler
107,DEN,G/F,"6'8""",225,5/10/1987, Wilson  Chandler,29.9739904175,Wilson,Chandler,W. ChandlerW. Chandler
108,FA,G,"6'5""",212,9/15/1986, Dionte  Christmas,30.6228610541,Dionte,Christmas,D. ChristmasD. Christmas
109,IND,PF,"6'9""",250,12/01/1991, Rakeem  Christmas,25.4127310062,Rakeem,Christmas,R. ChristmasR. Christmas
110,FA,F,"6'10""",234,1/17/1988, Earl  Clark,29.2840520192,Earl,Clark,E. ClarkE. Clark
111,GS,G,"6'3""",175,3/07/1991, Ian  Clark,26.1492128679,Ian,Clark,I. ClarkI. Clark
112,BOS,SF,"6'7""",225,7/04/1992, Coty  Clarke,24.8213552361,Coty,Clarke,C. ClarkeC. Clarke
113,LAL,G,"6'5""",185,6/07/1992, Jordan  Clarkson,24.8952772074,Jordan,Clarkson,J. ClarksonJ. Clarkson
114,FA,SF,"6'8""",230,8/09/1992, Michael  Cobbins,24.7227926078,Michael,Cobbins,M. CobbinsM. Cobbins
115,NO,G,"6'2""",175,10/13/1988, Norris  Cole,28.5448323066,Norris,Cole,N. ColeN. Cole
116,SAC,PG,"6'0""",175,8/23/1987, Darren  Collison,29.6865160849,Darren,Collison,D. CollisonD. Collison
117,OKC,F/C,"6'10""",255,10/26/1980, Nick  Collison,36.5092402464,Nick,Collison,N. CollisonN. Collison
118,MEM,PG,"6'1""",175,10/11/1987, Mike  Conley,29.5523613963,Mike,Conley,M. ConleyM. Conley
119,POR,G/F,"6'5""",210,1/06/1993, Pat  Connaughton,24.3121149897,Pat,Connaughton,P. ConnaughtonP. Connaughton
120,FA,PG,"6'2""",185,3/23/1993, Quinn  Cook,24.1040383299,Quinn,Cook,Q. CookQ. Cook
121,FA,F/C,"6'10""",246,4/04/1991, Jack  Cooley,26.0725530459,Jack,Cooley,J. CooleyJ. Cooley
122,ORL,F,"6'8""",230,3/17/1984, Chris  Copeland,33.1197809719,Chris,Copeland,C. CopelandC. Copeland
123,MEM,PG,"6'1""",165,8/11/1992, Bryce  Cotton,24.7173169062,Bryce,Cotton,B. CottonB. Cotton
124,SAC,F/C,"6'11""",270,8/13/1990, DeMarcus  Cousins,26.71321013,DeMarcus,Cousins,D. CousinsD. Cousins
125,PHI,F,"6'9""",215,12/14/1990, Robert  Covington,26.3764544832,Robert,Covington,R. CovingtonR. Covington
126,POR,G,"6'6""",215,4/09/1992, Allen  Crabbe,25.0568104038,Allen,Crabbe,A. CrabbeA. Crabbe
127,LAC,G/F,"6'5""",200,3/20/1980, Jamal  Crawford,37.1115674196,Jamal,Crawford,J. CrawfordJ. Crawford
128,FA,G,"6'4""",195,10/23/1988, Jordan  Crawford,28.5174537988,Jordan,Crawford,J. CrawfordJ. Crawford
129,BOS,F,"6'6""",235,7/06/1990, Jae  Crowder,26.81724846,Jae,Crowder,J. CrowderJ. Crowder
130,FA,PG,"6'2""",175,10/07/1992, Will  Cummings,24.5612594114,Will,Cummings,W. CummingsW. Cummings
131,NO,F,"6'8""",221,4/22/1987, Dante  Cunningham,30.0232717317,Dante,Cunningham,D. CunninghamD. Cunningham
132,MIL,G,"6'4""",195,5/22/1991, Jared  Cunningham,25.9411362081,Jared,Cunningham,J. CunninghamJ. Cunningham
133,SAC,PG,"6'2""",185,8/23/1990, Seth  Curry,26.6858316222,Seth,Curry,S. CurryS. Curry
134,GS,G,"6'3""",190,3/14/1988, Stephen  Curry,29.1279945243,Stephen,Curry,S. CurryS. Curry
135,FA,C,"6'11""",250,5/10/1981, Samuel  Dalembert,35.9726214921,Samuel,Dalembert,S. DalembertS. Dalembert
136,FA,C,"6'9""",265,4/19/1984, Chris  Daniels,33.029431896,Chris,Daniels,C. DanielsC. Daniels
137,CHA,PG,"6'4""",204,7/15/1991, Troy  Daniels,25.7932922656,Troy,Daniels,T. DanielsT. Daniels
138,FA,G/F,"6'8""",215,11/27/1987, Luigi  Datome,29.4236824093,Luigi,Datome,L. DatomeL. Datome
139,NO,F/C,"6'10""",220,3/11/1993, Anthony  Davis,24.1368925394,Anthony,Davis,A. DavisA. Davis
140,POR,F/C,"6'10""",225,6/05/1989, Ed  Davis,27.9014373717,Ed,Davis,E. DavisE. Davis
141,FA,F/C,"6'9""",289,1/01/1986, Glen  Davis,31.3264887064,Glen,Davis,G. DavisG. Davis
142,LAC,F,"6'6""",225,2/01/1993, Branden  Dawson,24.2409308693,Branden,Dawson,B. DawsonB. Dawson
143,FA,F,"6'11""",220,6/05/1988, Austin  Daye,28.900752909,Austin,Daye,A. DayeA. Daye
144,ORL,C,"7'0""",245,8/12/1989, Dewayne  Dedmon,27.7152635181,Dewayne,Dedmon,D. DedmonD. Dedmon
145,NO,G,"6'5""",210,8/21/1992, Bryce  Dejean-Jones,24.6899383984,Bryce,Dejean-Jones,B. Dejean-JonesB. Dejean-Jones
146,HOU,SF,"6'9""",230,5/06/1994, Sam  Dekker,22.984257358,Sam,Dekker,S. DekkerS. Dekker
147,CLE,G,"6'4""",200,9/08/1990, Matthew  Dellavedova,26.6420260096,Matthew,Dellavedova,M. DellavedovaM. Dellavedova
148,MIA,F,"6'9""",220,4/16/1985, Luol  Deng,32.038329911,Luol,Deng,L. DengL. Deng
149,TOR,G/F,"6'7""",221,8/07/1989, DeMar  DeRozan,27.7289527721,DeMar,DeRozan,D. DeRozanD. DeRozan
150,SA,F/C,"6'8""",250,4/16/1982, Boris  Diaw,35.0390143737,Boris,Diaw,B. DiawB. Diaw
151,FA,G/F,"6'7""",225,8/29/1982, Yakhouba  Diawara,34.6694045175,Yakhouba,Diawara,Y. DiawaraY. Diawara
152,MIN,F/C,"6'11""",233,1/18/1990, Gorgui  Dieng,27.279945243,Gorgui,Dieng,G. DiengG. Dieng
153,FA,SF,"6'8""",220,4/07/1993, Dani  Diez,24.0629705681,Dani,Diez,D. DiezD. Diez
154,CHI,PG,"6'6""",200,4/06/1993, Spencer  Dinwiddie,24.0657084189,Spencer,Dinwiddie,S. DinwiddieS. Dinwiddie
155,FA,F/C,"6'8""",268,12/16/1983, Joey  Dorsey,33.3716632444,Joey,Dorsey,J. DorseyJ. Dorsey
156,NO,G,"6'2""",190,3/16/1986, Toney  Douglas,31.1238877481,Toney,Douglas,T. DouglasT. Douglas
157,FA,G/F,"6'7""",210,1/08/1987, Chris  Douglas-Roberts,30.3080082136,Chris,Douglas-Roberts,C. Douglas-RobertsC. Douglas-Roberts
158,MIA,G,"6'3""",190,5/06/1986, Goran  Dragic,30.984257358,Goran,Dragic,G. DragicG. Dragic
159,FA,SG,"6'5""",200,6/22/1989, Zoran  Dragic,27.8548939083,Zoran,Dragic,Z. DragicZ. Dragic
160,DET,F/C,"6'11""",279,8/10/1993, Andre  Drummond,23.7207392197,Andre,Drummond,A. DrummondA. Drummond
161,WSH,G/F,"6'7""",225,7/10/1985, Jared  Dudley,31.8056125941,Jared,Dudley,J. DudleyJ. Dudley
162,SAC,SF,"6'9""",220,12/04/1991, Duje  Dukan,25.4045174538,Duje,Dukan,D. DukanD. Dukan
163,SA,F/C,"6'11""",250,4/25/1976, Tim  Duncan,41.0130047912,Tim,Duncan,T. DuncanT. Duncan
164,FA,C,"6'10""",245,7/02/1989, Michael  Dunigan,27.8275154004,Michael,Dunigan,M. DuniganM. Dunigan
165,CHI,G/F,"6'9""",220,9/15/1980, Mike  Dunleavy,36.6214921287,Mike,Dunleavy,M. DunleavyM. Dunleavy
166,OKC,F,"6'9""",240,9/29/1988, Kevin  Durant,28.5831622177,Kevin,Durant,K. DurantK. Durant
167,NY,SF,"6'8""",220,4/17/1991, Cleanthony  Early,26.0369609856,Cleanthony,Early,C. EarlyC. Early
168,WSH,SG,"6'7""",218,10/30/1991, Jarell  Eddie,25.5003422313,Jarell,Eddie,J. EddieJ. Eddie
169,FA,C,"6'11""",250,10/22/1992, Nnanna  Egwu,24.5201916496,Nnanna,Egwu,N. EgwuN. Egwu
170,FA,PF,"6'6""",220,3/04/1991, Melvin  Ejim,26.1574264203,Melvin,Ejim,M. EjimM. Ejim
171,BKN,SG,"6'4""",200,11/29/1987, Wayne  Ellington,29.4182067077,Wayne,Ellington,W. EllingtonW. Ellington
172,IND,G,"6'3""",185,10/26/1985, Monta  Ellis,31.5099247091,Monta,Ellis,M. EllisM. Ellis
173,PHI,C,"7'0""",250,3/16/1994, Joel  Embiid,23.1238877481,Joel,Embiid,J. EmbiidJ. Embiid
174,NO,G/F,"6'7""",210,7/01/1990, James  Ennis,26.8309377139,James,Ennis,J. EnnisJ. Ennis
175,MIL,PG,"6'0""",175,8/24/1994, Tyler  Ennis,22.6830937714,Tyler,Ennis,T. EnnisT. Ennis
176,FA,SG,"6'7""",178,12/05/1993, Marcus  Eriksson,23.4004106776,Marcus,Eriksson,M. ErikssonM. Eriksson
177,DAL,F,"6'9""",200,10/24/1987, Jeremy  Evans,29.5167693361,Jeremy,Evans,J. EvansJ. Evans
178,FA,F/C,"6'8""",245,5/18/1980, Reggie  Evans,36.9500342231,Reggie,Evans,R. EvansR. Evans
179,NO,G,"6'6""",220,9/19/1989, Tyreke  Evans,27.6112251882,Tyreke,Evans,T. EvansT. Evans
180,UTA,PG,"6'6""",190,7/13/1995, Dante  Exum,21.7987679671,Dante,Exum,D. ExumD. Exum
181,GS,C,"6'11""",265,10/21/1989, Festus  Ezeli,27.523613963,Festus,Ezeli,F. EzeliF. Ezeli
182,FA,PF,"6'8""",215,9/13/1991, C.J.  Fair,25.6290212183,C.J.,Fair,C. FairC. Fair
183,FA,F/C,"6'11""",240,7/16/1988, Jarrid  Famous,28.7885010267,Jarrid,Famous,J. FamousJ. Famous
184,DEN,F/C,"6'8""",228,11/19/1989, Kenneth  Faried,27.4442162902,Kenneth,Faried,K. FariedK. Faried
185,MEM,PG,"6'2""",180,11/30/1986, Jordan  Farmar,30.4147843943,Jordan,Farmar,J. FarmarJ. Farmar
186,UTA,F/C,"6'10""",262,7/15/1991, Derrick  Favors,25.7932922656,Derrick,Favors,D. FavorsD. Favors
187,CHI,C,"6'9""",270,7/07/1992, Cristiano  Felicio,24.8131416838,Cristiano,Felicio,C. FelicioC. Felicio
188,DAL,G,"6'1""",205,6/26/1984, Raymond  Felton,32.8432580424,Raymond,Felton,R. FeltonR. Felton
189,FA,G/F,"6'7""",215,6/27/1988, Landry  Fields,28.8405201916,Landry,Fields,L. FieldsL. Fields
190,ORL,G/F,"6'7""",205,10/29/1992, Evan  Fournier,24.501026694,Evan,Fournier,E. FournierE. Fournier
191,OKC,G,"6'4""",213,9/24/1983, Randy  Foye,33.5989048597,Randy,Foye,R. FoyeR. Foye
192,FA,G/F,"6'5""",191,7/21/1991, Jamaal  Franklin,25.7768651608,Jamaal,Franklin,J. FranklinJ. Franklin
193,NO,PG,"6'1""",180,11/01/1990, Tim  Frazier,26.4941820671,Tim,Frazier,T. FrazierT. Frazier
194,FA,SG,"6'4""",195,3/08/1994, Michael  Frazier II,23.1457905544,Michael,Frazier II,M. Frazier IIM. Frazier II
195,NY,G,"6'2""",195,2/25/1989, Jimmer  Fredette,28.1752224504,Jimmer,Fredette,J. FredetteJ. Fredette
196,FA,F/C,"6'11""",255,2/07/1987, Joel  Freeland,30.2258726899,Joel,Freeland,J. FreelandJ. Freeland
197,CLE,F/C,"6'11""",255,5/17/1983, Channing  Frye,33.954825462,Channing,Frye,C. FryeC. Frye
198,DEN,SF,"6'10""",225,8/08/1988, Danilo  Gallinari,28.7255304586,Danilo,Gallinari,D. GallinariD. Gallinari
199,NY,G,"6'2""",200,12/09/1991, Langston  Galloway,25.3908281999,Langston,Galloway,L. GallowayL. Galloway
200,MIN,F/C,"6'11""",253,5/19/1976, Kevin  Garnett,40.9472963723,Kevin,Garnett,K. GarnettK. Garnett
201,MEM,C,"7'1""",265,1/29/1985, Marc  Gasol,32.2491444216,Marc,Gasol,M. GasolM. Gasol
202,CHI,F/C,"7'0""",250,7/06/1980, Pau  Gasol,36.8158795346,Pau,Gasol,P. GasolP. Gasol
203,SAC,F,"6'8""",230,8/17/1986, Rudy  Gay,30.7022587269,Rudy,Gay,R. GayR. Gay
204,NO,G/F,"6'6""",219,5/29/1987, Alonzo  Gee,29.9219712526,Alonzo,Gee,A. GeeA. Gee
205,IND,F,"6'9""",225,5/02/1990, Paul  George,26.9952087611,Paul,George,P. GeorgeP. George
206,CHI,F/C,"6'9""",235,6/24/1985, Taj  Gibson,31.8494182067,Taj,Gibson,T. GibsonT. Gibson
207,SA,G/F,"6'6""",205,7/28/1977, Manu  Ginobili,39.7563312799,Manu,Ginobili,M. GinobiliM. Ginobili
208,UTA,C,"7'1""",245,6/26/1992, Rudy  Gobert,24.8432580424,Rudy,Gobert,R. GobertR. Gobert
209,WSH,F/C,"6'10""",250,9/24/1981, Drew  Gooden,35.5975359343,Drew,Gooden,D. GoodenD. Gooden
210,PHX,G,"6'5""",200,8/17/1994, Archie  Goodwin,22.7022587269,Archie,Goodwin,A. GoodwinA. Goodwin
211,ORL,F,"6'9""",220,9/16/1995, Aaron  Gordon,21.620807666,Aaron,Gordon,A. GordonA. Gordon
212,FA,SG,"6'3""",205,4/04/1983, Ben  Gordon,34.0725530459,Ben,Gordon,B. GordonB. Gordon
213,NO,SG,"6'4""",215,12/25/1988, Eric  Gordon,28.3449691992,Eric,Gordon,E. GordonE. Gordon
214,WSH,C,"6'11""",240,2/17/1984, Marcin  Gortat,33.1991786448,Marcin,Gortat,M. GortatM. Gortat
215,HOU,G,"6'2""",200,12/07/1988, Andrew  Goudelock,28.3942505133,Andrew,Goudelock,A. GoudelockA. Goudelock
216,FA,SG,"6'6""",219,10/28/1993, Treveon  Graham,23.5044490075,Treveon,Graham,T. GrahamT. Graham
217,FA,SF,"6'9""",222,4/20/1983, Danny  Granger,34.0287474333,Danny,Granger,D. GrangerD. Granger
218,PHI,F,"6'8""",210,3/12/1994, Jerami  Grant,23.1348391513,Jerami,Grant,J. GrantJ. Grant
219,NY,G,"6'4""",198,10/09/1992, Jerian  Grant,24.5557837098,Jerian,Grant,J. GrantJ. Grant
220,SA,G/F,"6'6""",215,6/22/1987, Danny  Green,29.8562628337,Danny,Green,D. GreenD. Green
221,GS,F,"6'7""",230,3/04/1990, Draymond  Green,27.1567419576,Draymond,Green,D. GreenD. Green
222,UTA,G,"6'4""",184,5/09/1991, Erick  Green,25.9767282683,Erick,Green,E. GreenE. Green
223,MIA,G/F,"6'8""",205,1/26/1986, Gerald  Green,31.2580424367,Gerald,Green,G. GreenG. Green
224,MEM,PF,"6'9""",235,6/21/1990, JaMychal  Green,26.8583162218,JaMychal,Green,J. GreenJ. Green
225,LAC,G/F,"6'9""",235,8/28/1986, Jeff  Green,30.6721423682,Jeff,Green,J. GreenJ. Green
226,FA,SG,"6'3""",205,7/28/1981, Willie  Green,35.7563312799,Willie,Green,W. GreenW. Green
227,LAC,F/C,"6'10""",251,3/16/1989, Blake  Griffin,28.1232032854,Blake,Griffin,B. GriffinB. Griffin
228,FA,SF,"6'7""",205,5/26/1990, Eric  Griffin,26.9295003422,Eric,Griffin,E. GriffinE. Griffin
229,FA,C,"6'10""",254,6/19/1993, Arturas  Gudaitis,23.8631074606,Arturas,Gudaitis,A. GudaitisA. Gudaitis
230,CHA,PG,"6'3""",195,12/27/1988, Jorge  Gutierrez,28.3394934976,Jorge,Gutierrez,J. GutierrezJ. Gutierrez
231,MEM,G/F,"6'6""",220,12/24/1992, P.J.  Hairston,24.34770705,P.J.,Hairston,P. HairstonP. Hairston
232,NO,SF,"6'7""",220,10/06/1990, Jordan  Hamilton,26.5653661875,Jordan,Hamilton,J. HamiltonJ. Hamilton
233,FA,F/C,"7'0""",255,4/01/1990, Justin  Hamilton,27.0800821355,Justin,Hamilton,J. HamiltonJ. Hamilton
234,FA,PG,"6'4""",190,2/15/1993, Olivier  Hanlan,24.2026009582,Olivier,Hanlan,O. HanlanO. Hanlan
235,FA,G/F,"6'1""",175,6/14/1985, Stefhon  Hannah,31.8767967146,Stefhon,Hannah,S. HannahS. Hannah
236,CHA,F/C,"6'9""",250,11/03/1985, Tyler  Hansbrough,31.4880219028,Tyler,Hansbrough,T. HansbroughT. Hansbrough
237,ATL,G/F,"6'6""",205,3/16/1992, Tim  Hardaway Jr.,25.1225188227,Tim,Hardaway Jr.,T. Hardaway Jr.T. Hardaway Jr.
238,HOU,G/F,"6'5""",220,8/26/1989, James  Harden,27.6769336071,James,Harden,J. HardenJ. Harden
239,POR,SF,"6'9""",220,5/11/1993, Maurice  Harkless,23.9698836413,Maurice,Harkless,M. HarklessM. Harkless
240,DET,PF,"6'10""",225,8/30/1989, Justin  Harper,27.665982204,Justin,Harper,J. HarperJ. Harper
241,HOU,PF,"6'8""",240,1/26/1994, Montrezl  Harrell,23.2580424367,Montrezl,Harrell,M. HarrellM. Harrell
242,FA,F/C,"6'10""",275,2/12/1989, Josh  Harrellson,28.2108145106,Josh,Harrellson,J. HarrellsonJ. Harrellson
243,DAL,G,"6'3""",185,2/27/1983, Devin  Harris,34.1711156742,Devin,Harris,D. HarrisD. Harris
244,DEN,SG,"6'4""",210,9/14/1994, Gary  Harris,22.6255989049,Gary,Harris,G. HarrisG. Harris
245,ORL,SG,"6'6""",219,9/07/1991, Joe  Harris,25.6454483231,Joe,Harris,J. HarrisJ. Harris
246,DET,F,"6'9""",235,7/15/1992, Tobias  Harris,24.7912388775,Tobias,Harris,T. HarrisT. Harris
247,CHA,PG,"6'6""",212,10/28/1994, Aaron  Harrison,22.5051334702,Aaron,Harrison,A. HarrisonA. Harrison
248,FA,PG,"6'6""",210,10/28/1994, Andrew  Harrison,22.5051334702,Andrew,Harrison,A. HarrisonA. Harrison
249,FA,SG,"6'4""",185,7/17/1993, Tyler  Harvey,23.7864476386,Tyler,Harvey,T. HarveyT. Harvey
250,MIA,PF,"6'8""",235,6/09/1980, Udonis  Haslem,36.8898015058,Udonis,Haslem,U. HaslemU. Haslem
251,CHA,F/C,"7'1""",245,4/28/1988, Spencer  Hawes,29.0047912389,Spencer,Hawes,S. HawesS. Hawes
252,FA,PG,"6'2""",195,8/10/1991, Corey  Hawkins,25.7221081451,Corey,Hawkins,C. HawkinsC. Hawkins
253,HOU,F/C,"6'6""",240,6/11/1983, Chuck  Hayes,33.8863791923,Chuck,Hayes,C. HayesC. Hayes
254,UTA,G/F,"6'8""",225,3/23/1990, Gordon  Hayward,27.1047227926,Gordon,Hayward,G. HaywardG. Hayward
255,FA,C,"7'0""",263,11/27/1979, Brendan  Haywood,37.4236824093,Brendan,Haywood,B. HaywoodB. Haywood
256,POR,G/F,"6'5""",215,12/09/1987, Gerald  Henderson,29.3908281999,Gerald,Henderson,G. HendersonG. Henderson
257,FA,SG,"6'2""",177,9/19/1990, Marshall  Henderson,26.6119096509,Marshall,Henderson,M. HendersonM. Henderson
258,FA,G/F,"6'6""",220,3/15/1991, Xavier  Henry,26.1273100616,Xavier,Henry,X. HenryX. Henry
259,MIL,F/C,"6'11""",230,12/28/1990, John  Henson,26.3381245722,John,Henson,J. HensonJ. Henson
260,FA,C,"6'11""",243,5/27/1994, Guillermo  Hernangomez,22.9267624914,Guillermo,Hernangomez,G. HernangomezG. Hernangomez
261,ORL,SG,"6'8""",218,2/25/1995, Mario  Hezonja,22.1765913758,Mario,Hezonja,M. HezonjaM. Hezonja
262,LAL,C,"7'2""",270,12/11/1986, Roy  Hibbert,30.3846680356,Roy,Hibbert,R. HibbertR. Hibbert
263,WSH,F/C,"6'9""",242,9/04/1988, J.J.  Hickson,28.6516084873,J.J.,Hickson,J. HicksonJ. Hickson
264,WSH,F/C,"6'11""",250,9/13/1982, Nene  Hilario,34.6283367556,Nene,Hilario,N. HilarioN. Hilario
265,IND,G,"6'3""",192,5/04/1986, George  Hill,30.9897330595,George,Hill,G. HillG. Hill
266,IND,F/C,"6'10""",235,7/27/1987, Jordan  Hill,29.7604380561,Jordan,Hill,J. HillJ. Hill
267,IND,G/F,"6'7""",225,3/18/1991, Solomon  Hill,26.1190965092,Solomon,Hill,S. HillS. Hill
268,DET,SG,"6'6""",205,4/13/1993, Darrun  Hilliard,24.0465434634,Darrun,Hilliard,D. HilliardD. Hilliard
269,ATL,G,"6'4""",190,1/02/1981, Kirk  Hinrich,36.3230663929,Kirk,Hinrich,K. HinrichK. Hinrich
270,NO,PG,"6'4""",205,6/12/1990, Jrue  Holiday,26.8829568789,Jrue,Holiday,J. HolidayJ. Holiday
271,CHI,G/F,"6'6""",185,4/05/1989, Justin  Holiday,28.0684462697,Justin,Holiday,J. HolidayJ. Holiday
272,BOS,SG,"6'5""",205,11/06/1988, John  Holland,28.4791238877,John,Holland,J. HollandJ. Holland
273,MEM,C,"7'0""",230,10/10/1984, Ryan  Hollins,32.553045859,Ryan,Hollins,R. HollinsR. Hollins
274,BKN,G/F,"6'7""",210,1/03/1995, Rondae  Hollis-Jefferson,22.3216974675,Rondae,Hollis-Jefferson,R. Hollis-JeffersonR. Hollis-Jefferson
275,FA,G,"6'0""",190,8/21/1989, Tu  Holloway,27.6906228611,Tu,Holloway,T. HollowayT. Holloway
276,FA,PF,"6'8""",240,12/09/1992, Jonathan  Holmes,24.3887748118,Jonathan,Holmes,J. HolmesJ. Holmes
277,PHI,PF,"6'8""",245,10/15/1993, Richaun  Holmes,23.5400410678,Richaun,Holmes,R. HolmesR. Holmes
278,FA,C,"6'11""",270,11/18/1992, Michael  Holyfield,24.4462696783,Michael,Holyfield,M. HolyfieldM. Holyfield
279,UTA,G/F,"6'8""",215,10/20/1992, Rodney  Hood,24.5256673511,Rodney,Hood,R. HoodR. Hood
280,ATL,F/C,"6'10""",245,6/03/1986, Al  Horford,30.9075975359,Al,Horford,A. HorfordA. Horford
281,FA,PF,"6'10""",250,10/16/1991, Jon  Horford,25.5386721424,Jon,Horford,J. HorfordJ. Horford
282,HOU,F/C,"6'11""",265,12/08/1985, Dwight  Howard,31.3921971253,Dwight,Howard,D. HowardD. Howard
283,FA,G,"6'3""",190,8/07/1984, Lester  Hudson,32.7282683094,Lester,Hudson,L. HudsonL. Hudson
284,LAL,PG,"6'3""",200,5/25/1983, Marcelo  Huertas,33.9329226557,Marcelo,Huertas,M. HuertasM. Huertas
285,OKC,SF,"6'7""",230,12/19/1991, Josh  Huestis,25.363449692,Josh,Huestis,J. HuestisJ. Huestis
286,FA,F,"6'8""",220,3/08/1989, Robbie  Hummel,28.1451060917,Robbie,Hummel,R. HummelR. Hummel
287,ATL,F/C,"6'9""",235,2/06/1985, Kris  Humphries,32.2272416153,Kris,Humphries,K. HumphriesK. Humphries
288,BOS,SG,"6'6""",190,10/24/1993, R.J.  Hunter,23.5154004107,R.J.,Hunter,R. HunterR. Hunter
289,FA,PF,"6'8""",200,8/05/1994, Vince  Hunter,22.7351129363,Vince,Hunter,V. HunterV. Hunter
290,OKC,F/C,"6'10""",245,9/18/1989, Serge  Ibaka,27.613963039,Serge,Ibaka,S. IbakaS. Ibaka
291,GS,G/F,"6'6""",207,1/28/1984, Andre  Iguodala,33.2539356605,Andre,Iguodala,A. IguodalaA. Iguodala
292,ORL,F,"6'10""",235,5/15/1987, Ersan  Ilyasova,29.9603011636,Ersan,Ilyasova,E. IlyasovaE. Ilyasova
293,UTA,G/F,"6'8""",216,10/02/1987, Joe  Ingles,29.5770020534,Joe,Ingles,J. InglesJ. Ingles
294,MIL,SF,"6'8""",225,5/20/1995, Damien  Inglis,21.9466119097,Damien,Inglis,D. InglisD. Inglis
295,CLE,G,"6'3""",193,3/23/1992, Kyrie  Irving,25.1033538672,Kyrie,Irving,K. IrvingK. Irving
296,BKN,G,"6'3""",200,10/28/1983, Jarrett  Jack,33.5058179329,Jarrett,Jack,J. JackJ. Jack
297,FA,C,"6'9""",235,10/27/1992, Kadeem  Jack,24.5065023956,Kadeem,Jack,K. JackK. Jack
298,FA,PG,"5'10""",180,8/29/1991, Pierre  Jackson,25.6700889802,Pierre,Jackson,P. JacksonP. Jackson
299,DET,G,"6'3""",208,4/16/1990, Reggie  Jackson,27.0390143737,Reggie,Jackson,R. JacksonR. Jackson
300,FA,F/C,"6'10""",230,2/07/1985, Bernard  James,32.2245037645,Bernard,James,B. JamesB. James
301,CLE,F,"6'8""",250,12/30/1984, LeBron  James,32.3312799452,LeBron,James,L. JamesL. James
302,FA,SG,"6'4""",198,6/22/1988, Matt  Janning,28.8542094456,Matt,Janning,M. JanningM. Janning
303,CHA,F/C,"6'10""",289,1/04/1985, Al  Jefferson,32.3175906913,Al,Jefferson,A. JeffersonA. Jefferson
304,PHX,PF,"6'9""",218,12/26/1990, Cory  Jefferson,26.3436002738,Cory,Jefferson,C. JeffersonC. Jefferson
305,CLE,G/F,"6'7""",233,6/21/1980, Richard  Jefferson,36.8569472964,Richard,Jefferson,R. JeffersonR. Jefferson
306,PHX,G/F,"6'4""",215,3/06/1991, John  Jenkins,26.1519507187,John,Jenkins,J. JenkinsJ. Jenkins
307,ORL,PG,"6'1""",169,9/23/1989, Brandon  Jennings,27.6002737851,Brandon,Jennings,B. JenningsB. Jennings
308,BOS,F,"6'10""",231,3/02/1987, Jonas  Jerebko,30.1629021218,Jonas,Jerebko,J. JerebkoJ. Jerebko
309,FA,PF,"6'10""",232,7/08/1993, Grant  Jerrett,23.8110882957,Grant,Jerrett,G. JerrettG. Jerrett
310,BOS,F/C,"6'9""",249,5/01/1987, Amir  Johnson,29.9986310746,Amir,Johnson,A. JohnsonA. Johnson
311,FA,C,"6'11""",210,7/17/1985, Chris  Johnson,31.7864476386,Chris,Johnson,C. JohnsonC. Johnson
312,UTA,G/F,"6'6""",201,4/29/1990, Chris  Johnson,27.0034223135,Chris,Johnson,C. JohnsonC. Johnson
313,FA,C,"7'0""",255,9/22/1995, Dakari  Johnson,21.6043805613,Dakari,Johnson,D. JohnsonD. Johnson
314,TOR,F,"6'9""",238,2/20/1987, James  Johnson,30.1902806297,James,Johnson,J. JohnsonJ. Johnson
315,FA,SG,"6'6""",205,5/05/1992, Jaron  Johnson,24.9856262834,Jaron,Johnson,J. JohnsonJ. Johnson
316,MIA,G/F,"6'7""",240,6/29/1981, Joe  Johnson,35.8357289528,Joe,Johnson,J. JohnsonJ. Johnson
317,FA,SG,"6'3""",200,12/22/1992, Nick  Johnson,24.3531827515,Nick,Johnson,N. JohnsonN. Johnson
318,FA,PF,"6'9""",220,11/26/1989, Omari  Johnson,27.4250513347,Omari,Johnson,O. JohnsonO. Johnson
319,NO,G/F,"6'5""",225,3/11/1989, Orlando  Johnson,28.1368925394,Orlando,Johnson,O. JohnsonO. Johnson
320,DET,G/F,"6'7""",245,5/29/1996, Stanley  Johnson,20.9199178645,Stanley,Johnson,S. JohnsonS. Johnson
321,MIA,G,"6'4""",190,5/07/1992, Tyler  Johnson,24.9801505818,Tyler,Johnson,T. JohnsonT. Johnson
322,LAC,G/F,"6'7""",215,7/11/1987, Wesley  Johnson,29.8042436687,Wesley,Johnson,W. JohnsonW. Johnson
323,DEN,C,"6'10""",250,2/19/1995, Nikola  Jokic,22.1930184805,Nikola,Jokic,N. JokicN. Jokic
324,CLE,G/F,"6'6""",225,12/27/1980, Dahntay  Jones,36.3394934976,Dahntay,Jones,D. JonesD. Jones
325,FA,G/F,"6'8""",221,6/20/1990, DeQuan  Jones,26.8610540726,DeQuan,Jones,D. JonesD. Jones
326,CLE,G/F,"6'8""",218,10/04/1980, James  Jones,36.5694729637,James,Jones,J. JonesJ. Jones
327,FA,PG,"6'0""",187,8/11/1990, Lazeric  Jones,26.7186858316,Lazeric,Jones,L. JonesL. Jones
328,FA,F,"6'11""",235,9/24/1991, Perry  Jones,25.5989048597,Perry,Jones,P. JonesP. Jones
329,HOU,F,"6'9""",252,1/09/1992, Terrence  Jones,25.3059548255,Terrence,Jones,T. JonesT. Jones
330,MIN,PG,"6'1""",190,5/10/1996, Tyus  Jones,20.9719370294,Tyus,Jones,T. JonesT. Jones
331,LAC,C,"6'11""",265,7/21/1988, DeAndre  Jordan,28.7748117728,DeAndre,Jordan,D. JordanD. Jordan
332,FA,C,"7'0""",253,9/29/1986, Jerome  Jordan,30.5845311431,Jerome,Jordan,J. JordanJ. Jordan
333,TOR,PG,"6'3""",193,8/20/1991, Cory  Joseph,25.6947296372,Cory,Joseph,C. JosephC. Joseph
334,POR,F/C,"7'0""",265,4/28/1982, Chris  Kaman,35.0061601643,Chris,Kaman,C. KamanC. Kaman
335,CHA,F/C,"7'0""",242,4/04/1993, Frank  Kaminsky,24.0711841205,Frank,Kaminsky,F. KaminskyF. Kaminsky
336,OKC,C,"6'11""",245,5/20/1992, Enes  Kanter,24.9445585216,Enes,Kanter,E. KanterE. Kanter
337,BKN,G/F,"6'7""",213,10/26/1993, Sergey  Karasev,23.5099247091,Sergey,Karasev,S. KarasevS. Karasev
338,CLE,C,"6'11""",260,5/08/1985, Sasha  Kaun,31.9780971937,Sasha,Kaun,S. KaunS. Kaun
339,FA,PF,"6'7""",226,4/22/1990, Arsalan  Kazemi,27.022587269,Arsalan,Kazemi,A. KazemiA. Kazemi
340,FA,PG,"6'0""",178,1/23/1985, Tre  Kelley,32.2655715264,Tre,Kelley,T. KelleyT. Kelley
341,LAL,F,"6'11""",230,4/09/1991, Ryan  Kelly,26.0588637919,Ryan,Kelly,R. KellyR. Kelly
342,CHA,SF,"6'7""",232,9/26/1993, Michael  Kidd-Gilchrist,23.5920602327,Michael,Kidd-Gilchrist,M. Kidd-GilchristM. Kidd-Gilchrist
343,BKN,SG,"6'4""",210,1/06/1990, Sean  Kilpatrick,27.3127994524,Sean,Kilpatrick,S. KilpatrickS. Kilpatrick
344,PHX,G,"6'3""",189,12/02/1991, Brandon  Knight,25.4099931554,Brandon,Knight,B. KnightB. Knight
345,ATL,G/F,"6'7""",212,3/17/1981, Kyle  Korver,36.1204654346,Kyle,Korver,K. KorverK. Korver
346,SAC,F/C,"7'0""",265,2/24/1989, Kosta  Koufos,28.1779603012,Kosta,Koufos,K. KoufosK. Koufos
347,FA,C,"7'0""",251,5/16/1990, Ognjen  Kuzmic,26.9568788501,Ognjen,Kuzmic,O. KuzmicO. Kuzmic
348,FA,PF,"6'10""",205,11/26/1991, Michale  Kyser,25.4264202601,Michale,Kyser,M. KyserM. Kyser
349,FA,PF,"6'10""",253,4/22/1992, Cady  Lalanne,25.0212183436,Cady,Lalanne,C. LalanneC. Lalanne
350,CHA,G/F,"6'5""",185,5/30/1992, Jeremy  Lamb,24.9171800137,Jeremy,Lamb,J. LambJ. Lamb
351,PHI,F,"6'9""",248,9/19/1983, Carl  Landry,33.6125941136,Carl,Landry,C. LandryC. Landry
352,FA,SF,"6'7""",230,11/01/1985, Marcus  Landry,31.4934976044,Marcus,Landry,M. LandryM. Landry
353,BKN,PG,"5'11""",175,10/02/1992, Shane  Larkin,24.5749486653,Shane,Larkin,S. LarkinS. Larkin
354,DEN,F/C,"6'11""",220,9/30/1991, Joffrey  Lauvergne,25.582477755,Joffrey,Lauvergne,J. LauvergneJ. Lauvergne
355,MIN,G,"6'5""",183,3/10/1995, Zach  LaVine,22.1409993155,Zach,LaVine,Z. LaVineZ. LaVine
356,IND,PG,"5'11""",195,11/03/1987, Ty  Lawson,29.4893908282,Ty,Lawson,T. LawsonT. Lawson
357,FA,SG,"6'7""",200,9/10/1992, Ricky  Ledo,24.6351813826,Ricky,Ledo,R. LedoR. Ledo
358,CHA,G/F,"6'5""",200,10/03/1985, Courtney  Lee,31.5728952772,Courtney,Lee,C. LeeC. Lee
359,DAL,F/C,"6'9""",245,4/29/1983, David  Lee,34.0041067762,David,Lee,D. LeeD. Lee
360,PHX,F/C,"7'1""",260,6/16/1993, Alex  Len,23.871321013,Alex,Len,A. LenA. Len
361,SA,G/F,"6'7""",230,6/29/1991, Kawhi  Leonard,25.8370978782,Kawhi,Leonard,K. LeonardK. Leonard
362,POR,F/C,"7'1""",255,2/27/1992, Meyers  Leonard,25.1718001369,Meyers,Leonard,M. LeonardM. Leonard
363,PHX,F/C,"6'10""",228,5/14/1989, Jon  Leuer,27.961670089,Jon,Leuer,J. LeuerJ. Leuer
364,POR,PG,"6'3""",195,7/15/1990, Damian  Lillard,26.7926078029,Damian,Lillard,D. LillardD. Lillard
365,CHA,G,"6'3""",200,8/23/1988, Jeremy  Lin,28.6844626968,Jeremy,Lin,J. LinJ. Lin
366,FA,SG,"6'4""",178,4/18/1993, Denzel  Livingston,24.0328542094,Denzel,Livingston,D. LivingstonD. Livingston
367,GS,G,"6'7""",182,9/11/1985, Shaun  Livingston,31.6331279945,Shaun,Livingston,S. LivingstonS. Livingston
368,GS,PF,"6'9""",220,2/06/1996, Kevon  Looney,21.2292950034,Kevon,Looney,K. LooneyK. Looney
369,BKN,C,"7'0""",275,4/01/1988, Brook  Lopez,29.0787132101,Brook,Lopez,B. LopezB. Lopez
370,NY,C,"7'0""",265,4/01/1988, Robin  Lopez,29.0787132101,Robin,Lopez,R. LopezR. Lopez
371,CLE,F/C,"6'10""",251,9/07/1988, Kevin  Love,28.643394935,Kevin,Love,K. LoveK. Love
372,TOR,PG,"6'1""",196,3/25/1986, Kyle  Lowry,31.099247091,Kyle,Lowry,K. LowryK. Lowry
373,FA,PG,"5'11""",166,11/21/1982, John  Lucas III,34.4394250513,John,Lucas III,J. Lucas IIIJ. Lucas III
374,UTA,PF,"6'10""",241,11/05/1995, Trey  Lyles,21.4839151266,Trey,Lyles,T. LylesT. Lyles
375,UTA,PG,"6'3""",203,4/22/1990, Shelvin  Mack,27.022587269,Shelvin,Mack,S. MackS. Mack
376,IND,C,"6'11""",255,11/05/1986, Ian  Mahinmi,30.4832306639,Ian,Mahinmi,I. MahinmiI. Mahinmi
377,ORL,G/F,"6'6""",200,9/21/1992, Devyn  Marble,24.605065024,Devyn,Marble,D. MarbleD. Marble
378,FA,G/F,"6'7""",228,5/07/1978, Shawn  Marion,38.9815195072,Shawn,Marion,S. MarionS. Marion
379,SA,C,"7'3""",290,8/15/1988, Boban  Marjanovic,28.7063655031,Boban,Marjanovic,B. MarjanovicB. Marjanovic
380,PHI,PG,"6'4""",200,8/19/1991, Kendall  Marshall,25.697467488,Kendall,Marshall,K. MarshallK. Marshall
381,FA,G/F,"6'7""",220,11/20/1984, Cartier  Martin,32.4407939767,Cartier,Martin,C. MartinC. Martin
382,MEM,PF,"6'10""",235,5/24/1994, Jarell  Martin,22.9349760438,Jarell,Martin,J. MartinJ. Martin
383,SA,G/F,"6'7""",204,2/01/1983, Kevin  Martin,34.2422997947,Kevin,Martin,K. MartinK. Martin
384,DAL,G/F,"6'5""",220,10/14/1986, Wesley  Matthews,30.5434633812,Wesley,Matthews,W. MatthewsW. Matthews
385,FA,F/C,"6'7""",260,2/18/1983, Jason  Maxiell,34.1957563313,Jason,Maxiell,J. MaxiellJ. Maxiell
386,MIL,G,"6'5""",210,11/05/1987, O.J.  Mayo,29.4839151266,O.J.,Mayo,O. MayoO. Mayo
387,LAC,F,"6'8""",230,9/09/1986, Luc Richard  Mbah a Moute,30.6392881588,Luc, Mbah a Moute,L.  Mbah a MouteL.  Mbah a Moute
388,GS,PF,"6'9""",230,1/04/1993, James Michael  McAdoo,24.3175906913,James, McAdoo,J.  McAdooJ.  McAdoo
389,FA,PG,"6'0""",180,5/04/1985, Bo  McCalebb,31.9890485969,Bo,McCalebb,B. McCalebbB. McCalebb
390,MEM,PG,"6'3""",190,6/12/1991, Ray  McCallum,25.8836413415,Ray,McCallum,R. McCallumR. McCallum
391,POR,G,"6'3""",190,9/19/1991, C.J.  McCollum,25.6125941136,C.J.,McCollum,C. McCollumC. McCollum
392,PHI,PG,"6'1""",200,3/25/1992, T.J.  McConnell,25.0978781656,T.J.,McConnell,T. McConnellT. McConnell
393,BKN,PF,"6'9""",210,2/05/1995, Chris  McCullough,22.2313483915,Chris,McCullough,C. McCulloughC. McCullough
394,HOU,SF,"6'6""",205,2/09/1993, K.J.  McDaniels,24.219028063,K.J.,McDaniels,K. McDanielsK. McDaniels
395,CHI,SF,"6'8""",223,1/03/1992, Doug  McDermott,25.3223819302,Doug,McDermott,D. McDermottD. McDermott
396,OKC,F/C,"6'10""",255,6/06/1992, Mitch  McGary,24.8980150582,Mitch,McGary,M. McGaryM. McGary
397,DAL,C,"7'0""",270,1/19/1988, JaVale  McGee,29.2785763176,JaVale,McGee,J. McGeeJ. McGee
398,SAC,SG,"6'5""",195,2/11/1993, Ben  McLemore,24.2135523614,Ben,McLemore,B. McLemoreB. McLemore
399,FA,G,"6'3""",196,6/01/1987, Jerel  McNeal,29.9137577002,Jerel,McNeal,J. McNealJ. McNeal
400,CLE,SG,"6'6""",185,3/28/1991, Jordan  McRae,26.0917180014,Jordan,McRae,J. McRaeJ. McRae
401,MIA,F/C,"6'10""",240,2/28/1987, Josh  McRoberts,30.1683778234,Josh,McRoberts,J. McRobertsJ. McRoberts
402,DET,SG,"6'4""",210,8/21/1987, Jodie  Meeks,29.6919917864,Jodie,Meeks,J. MeeksJ. Meeks
403,DAL,C,"7'2""",235,6/15/1986, Salah  Mejri,30.8747433265,Salah,Mejri,S. MejriS. Mejri
404,BOS,PF,"6'8""",235,7/09/1994, Jordan  Mickey,22.8090349076,Jordan,Mickey,J. MickeyJ. Mickey
405,MIL,G/F,"6'7""",225,8/12/1991, Khris  Middleton,25.7166324435,Khris,Middleton,K. MiddletonK. Middleton
406,IND,G/F,"6'6""",225,3/18/1987, C.J.  Miles,30.1190965092,C.J.,Miles,C. MilesC. Miles
407,SA,G,"6'2""",200,3/19/1976, Andre  Miller,41.1143052704,Andre,Miller,A. MillerA. Miller
408,FA,PF,"6'7""",210,3/06/1993, Malcolm  Miller,24.1505817933,Malcolm,Miller,M. MillerM. Miller
409,DEN,G/F,"6'8""",218,2/19/1980, Mike  Miller,37.1937029432,Mike,Miller,M. MillerM. Miller
410,FA,SF,"6'9""",210,11/18/1992, Quincy  Miller,24.4462696783,Quincy,Miller,Q. MillerQ. Miller
411,SA,PG,"6'0""",185,8/11/1988, Patty  Mills,28.7173169062,Patty,Mills,P. MillsP. Mills
412,UTA,G/F,"6'6""",215,8/12/1987, Elijah  Millsap,29.7166324435,Elijah,Millsap,E. MillsapE. Millsap
413,ATL,F/C,"6'8""",246,2/10/1985, Paul  Millsap,32.2162902122,Paul,Millsap,P. MillsapP. Millsap
414,FA,C,"6'11""",235,12/30/1994, Nikola  Milutinov,22.3326488706,Nikola,Milutinov,N. MilutinovN. Milutinov
415,FA,PF,"6'9""",215,8/11/1988, Nick  Minnerath,28.7173169062,Nick,Minnerath,N. MinnerathN. Minnerath
416,CHI,F,"6'10""",220,2/11/1991, Nikola  Mirotic,26.2149212868,Nikola,Mirotic,N. MiroticN. Mirotic
417,FA,F,"6'9""",240,4/07/1992, Tony  Mitchell,25.0622861054,Tony,Mitchell,T. MitchellT. Mitchell
418,FA,PF,"6'8""",235,3/21/1993, Luka  Mitrovic,24.1095140315,Luka,Mitrovic,L. MitrovicL. Mitrovic
419,OKC,C,"6'10""",250,9/05/1977, Nazr  Mohammed,39.6495550992,Nazr,Mohammed,N. MohammedN. Mohammed
420,MIL,F/C,"6'11""",250,6/04/1990, Greg  Monroe,26.9048596851,Greg,Monroe,G. MonroeG. Monroe
421,POR,SF,"6'7""",190,4/06/1993, Luis  Montero,24.0657084189,Luis,Montero,L. MonteroL. Montero
422,CHI,G,"6'4""",205,2/25/1989, E'Twaun  Moore,28.1752224504,E'Twaun,Moore,E. MooreE. Moore
423,SAC,PF,"6'10""",238,12/24/1991, Eric  Moreland,25.3497604381,Eric,Moreland,E. MorelandE. Moreland
424,FA,G,"6'4""",195,1/03/1991, Darius  Morris,26.3216974675,Darius,Morris,D. MorrisD. Morris
425,DET,F,"6'9""",235,9/02/1989, Marcus  Morris,27.6577686516,Marcus,Morris,M. MorrisM. Morris
426,WSH,F/C,"6'10""",245,9/02/1989, Markieff  Morris,27.6577686516,Markieff,Morris,M. MorrisM. Morris
427,OKC,G/F,"6'6""",210,9/27/1985, Anthony  Morrow,31.5893223819,Anthony,Morrow,A. MorrowA. Morrow
428,HOU,F,"7'0""",222,9/20/1990, Donatas  Motiejunas,26.6091718001,Donatas,Motiejunas,D. MotiejunasD. Motiejunas
429,CLE,C,"7'1""",275,7/16/1986, Timofey  Mozgov,30.7898699521,Timofey,Mozgov,T. MozgovT. Mozgov
430,DEN,PG,"6'5""",200,3/05/1996, Emmanuel  Mudiay,21.1526351814,Emmanuel,Mudiay,E. MudiayE. Mudiay
431,MIN,G/F,"6'6""",227,11/13/1992, Shabazz  Muhammad,24.4599589322,Shabazz,Muhammad,S. MuhammadS. Muhammad
432,MEM,SG,"6'2""",180,6/01/1992, Xavier  Munford,24.9117043121,Xavier,Munford,X. MunfordX. Munford
433,FA,SG,"6'5""",194,11/08/1989, Toure'  Murry,27.4743326489,Toure',Murry,T. MurryT. Murry
434,ATL,F/C,"6'11""",240,7/01/1991, Mike  Muscala,25.8316221766,Mike,Muscala,M. MuscalaM. Muscala
435,LAL,PF,"6'9""",230,1/01/1993, Larry  Nance Jr.,24.3258042437,Larry,Nance Jr.,L. Nance Jr.L. Nance Jr.
436,ORL,PG,"6'1""",175,7/14/1991, Shabazz  Napier,25.7960301164,Shabazz,Napier,S. NapierS. Napier
437,FA,F,"6'9""",200,6/18/1992, Maurice  Ndour,24.8651608487,Maurice,Ndour,M. NdourM. Ndour
438,FA,C,"7'0""",250,7/15/1991, Youssou  Ndoye,25.7932922656,Youssou,Ndoye,Y. NdoyeY. Ndoye
439,WSH,G,"6'4""",210,10/03/1984, Gary  Neal,32.5722108145,Gary,Neal,G. NealG. Neal
440,DEN,PG,"6'0""",200,2/09/1982, Jameer  Nelson,35.2197125257,Jameer,Nelson,J. NelsonJ. Nelson
441,UTA,PG,"6'0""",172,5/19/1992, Raul  Neto,24.9472963723,Raul,Neto,R. NetoR. Neto
442,ORL,PF,"6'9""",250,12/08/1989, Andrew  Nicholson,27.3921971253,Andrew,Nicholson,A. NicholsonA. Nicholson
443,CHI,F/C,"6'11""",232,2/25/1985, Joakim  Noah,32.1752224504,Joakim,Noah,J. NoahJ. Noah
444,PHI,F/C,"6'10""",228,4/10/1994, Nerlens  Noel,23.0554414784,Nerlens,Noel,N. NoelN. Noel
445,TOR,C,"7'0""",220,7/26/1992, Lucas  Nogueira,24.7611225188,Lucas,Nogueira,L. NogueiraL. Nogueira
446,MIL,F,"6'10""",225,6/13/1983, Steve  Novak,33.8809034908,Steve,Novak,S. NovakS. Novak
447,DAL,F/C,"7'0""",245,6/19/1978, Dirk  Nowitzki,38.8637919233,Dirk,Nowitzki,D. NowitzkiD. Nowitzki
448,DEN,C,"7'0""",280,8/23/1994, Jusuf  Nurkic,22.6858316222,Jusuf,Nurkic,J. NurkicJ. Nurkic
449,FA,SF,"6'5""",205,3/05/1984, Dan  Nwaelele,33.1526351814,Dan,Nwaelele,D. NwaeleleD. Nwaelele
450,UTA,SF,"6'7""",228,4/08/1992, JJ  O'Brien,25.0595482546,JJ,O'Brien,J. O'BrienJ. O'Brien
451,MIL,PF,"6'9""",265,6/01/1993, Johnny  O'Bryant,23.9123887748,Johnny,O'Bryant,J. O'BryantJ. O'Bryant
452,NY,F/C,"6'10""",240,3/26/1990, Kyle  O'Quinn,27.0965092402,Kyle,O'Quinn,K. O'QuinnK. O'Quinn
453,PHI,C,"6'11""",275,12/15/1995, Jahlil  Okafor,21.3744010951,Jahlil,Okafor,J. OkaforJ. Okafor
454,ORL,G,"6'4""",210,5/04/1992, Victor  Oladipo,24.9883641342,Victor,Oladipo,V. OladipoV. Oladipo
455,BOS,C,"7'0""",238,4/19/1991, Kelly  Olynyk,26.0314852841,Kelly,Olynyk,K. OlynykK. Olynyk
456,FA,PF,"6'10""",275,7/13/1987, Arinze  Onuaku,29.7987679671,Arinze,Onuaku,A. OnuakuA. Onuaku
457,FA,SF,"6'7""",220,4/08/1995, Cedi  Osman,22.0616016427,Cedi,Osman,C. OsmanC. Osman
458,WSH,SF,"6'7""",205,12/09/1995, Kelly  Oubre Jr.,21.3908281999,Kelly,Oubre Jr.,K. Oubre Jr.K. Oubre Jr.
459,DAL,C,"6'11""",275,2/10/1984, Zaza  Pachulia,33.2183436003,Zaza,Pachulia,Z. PachuliaZ. Pachulia
460,DEN,F,"6'8""",225,7/31/1990, Kostas  Papanikolaou,26.7488021903,Kostas,Papanikolaou,K. PapanikolaouK. Papanikolaou
461,MIL,F,"6'8""",240,3/15/1995, Jabari  Parker,22.1273100616,Jabari,Parker,J. ParkerJ. Parker
462,SA,PG,"6'2""",185,5/17/1982, Tony  Parker,34.9541409993,Tony,Parker,T. ParkerT. Parker
463,DAL,F,"6'10""",230,10/25/1988, Chandler  Parsons,28.5119780972,Chandler,Parsons,C. ParsonsC. Parsons
464,ATL,SG,"6'6""",215,8/12/1991, Lamar  Patterson,25.7166324435,Lamar,Patterson,L. PattersonL. Patterson
465,TOR,F/C,"6'9""",230,3/14/1989, Patrick  Patterson,28.128678987,Patrick,Patterson,P. PattersonP. Patterson
466,LAC,PG,"6'0""",175,5/06/1985, Chris  Paul,31.9835728953,Chris,Paul,C. PaulC. Paul
467,MIN,PF,"6'10""",240,2/19/1991, Adreian  Payne,26.1930184805,Adreian,Payne,A. PayneA. Payne
468,OKC,PG,"6'2""",180,8/08/1994, Cameron  Payne,22.726899384,Cameron,Payne,C. PayneC. Payne
469,ORL,PG,"6'4""",185,2/22/1994, Elfrid  Payton,23.1841204654,Elfrid,Payton,E. PaytonE. Payton
470,FA,F/C,"7'0""",232,12/08/1985, Oleksiy  Pecherov,31.3921971253,Oleksiy,Pecherov,O. PecherovO. Pecherov
471,MIN,C,"6'11""",295,1/03/1986, Nikola  Pekovic,31.3210130048,Nikola,Pekovic,N. PekovicN. Pekovic
472,FA,C,"6'11""",285,9/01/1986, Kleon  Penn,30.6611909651,Kleon,Penn,K. PennK. Penn
473,NO,C,"6'10""",270,11/10/1984, Kendrick  Perkins,32.4681724846,Kendrick,Perkins,K. PerkinsK. Perkins
474,FA,SF,"6'6""",215,10/08/1992, Terran  Petteway,24.5585215606,Terran,Petteway,T. PettewayT. Petteway
475,LAC,F,"6'7""",235,10/13/1977, Paul  Pierce,39.5455167693,Paul,Pierce,P. PierceP. Pierce
476,UTA,C,"7'3""",262,11/02/1989, Tibor  Pleiss,27.4907597536,Tibor,Pleiss,T. PleissT. Pleiss
477,POR,F/C,"6'11""",245,3/05/1990, Mason  Plumlee,27.1540041068,Mason,Plumlee,M. PlumleeM. Plumlee
478,MIL,F/C,"6'11""",255,9/01/1988, Miles  Plumlee,28.6598220397,Miles,Plumlee,M. PlumleeM. Plumlee
479,FA,SF,"6'6""",192,5/06/1992, Sir'Dominic  Pointer,24.9828884326,Sir'Dominic,Pointer,S. PointerS. Pointer
480,NO,G/F,"6'7""",220,3/10/1988, Quincy  Pondexter,29.1389459274,Quincy,Pondexter,Q. PondexterQ. Pondexter
481,WSH,SF,"6'8""",198,6/03/1993, Otto  Porter,23.9069130732,Otto,Porter,O. PorterO. Porter
482,CHI,F/C,"6'11""",250,2/10/1995, Bobby  Portis,22.2176591376,Bobby,Portis,B. PortisB. Portis
483,NY,F/C,"7'3""",233,8/02/1995, Kristaps  Porzingis,21.7440109514,Kristaps,Porzingis,K. PorzingisK. Porzingis
484,DAL,PF,"6'11""",240,7/20/1991, Dwight  Powell,25.7796030116,Dwight,Powell,D. PowellD. Powell
485,FA,F/C,"6'9""",225,1/25/1983, Josh  Powell,34.2614647502,Josh,Powell,J. PowellJ. Powell
486,TOR,SG,"6'4""",215,5/25/1993, Norman  Powell,23.9315537303,Norman,Powell,N. PowellN. Powell
487,PHX,PG,"5'11""",180,2/17/1991, Phil  Pressey,26.1984941821,Phil,Pressey,P. PresseyP. Pressey
488,PHX,G,"6'2""",190,6/21/1983, Ronnie  Price,33.8590006845,Ronnie,Price,R. PriceR. Price
489,LAC,G,"6'3""",185,5/17/1977, Pablo  Prigioni,39.9534565366,Pablo,Prigioni,P. PrigioniP. Prigioni
490,MIN,F,"6'9""",215,2/28/1980, Tayshaun  Prince,37.1690622861,Tayshaun,Prince,T. PrinceT. Prince
491,FA,SG,"6'6""",205,1/20/1994, Michael  Qualls,23.2744695414,Michael,Qualls,M. QuallsM. Qualls
492,FA,PG,"6'5""",200,4/26/1994, Nikola  Radicevic,23.0116358658,Nikola,Radicevic,N. RadicevicN. Radicevic
493,LAL,PF,"6'9""",250,11/29/1994, Julius  Randle,22.417522245,Julius,Randle,J. RandleJ. Randle
494,FA,SG,"6'5""",208,10/03/1992, Levi  Randolph,24.5722108145,Levi,Randolph,L. RandolphL. Randolph
495,MEM,F/C,"6'9""",260,7/16/1981, Zach  Randolph,35.7891854894,Zach,Randolph,Z. RandolphZ. Randolph
496,LAC,SG,"6'4""",190,6/24/1984, J.J.  Redick,32.848733744,J.J.,Redick,J. RedickJ. Redick
497,BKN,F/C,"6'11""",235,5/16/1990, Willie  Reed,26.9568788501,Willie,Reed,W. ReedW. Reed
498,FA,G/F,"6'6""",225,1/20/1981, Jason  Richardson,36.2737850787,Jason,Richardson,J. RichardsonJ. Richardson
499,MIA,G/F,"6'6""",200,9/15/1993, Josh  Richardson,23.6221765914,Josh,Richardson,J. RichardsonJ. Richardson
500,FA,G,"6'2""",175,2/13/1981, Luke  Ridnour,36.2080766598,Luke,Ridnour,L. RidnourL. Ridnour
501,LAC,G,"6'4""",200,8/01/1992, Austin  Rivers,24.7446954141,Austin,Rivers,A. RiversA. Rivers
502,OKC,G/F,"6'7""",210,12/04/1991, Andre  Roberson,25.4045174538,Andre,Roberson,A. RobersonA. Roberson
503,POR,G,"6'1""",173,12/03/1985, Brian  Roberts,31.4058863792,Brian,Roberts,B. RobertsB. Roberts
504,FA,C,"7'1""",225,10/14/1992, Jaleel  Roberts,24.5420944559,Jaleel,Roberts,J. RobertsJ. Roberts
505,FA,PF,"6'8""",219,8/05/1991, Ronald  Roberts,25.735797399,Ronald,Roberts,R. RobertsR. Roberts
506,NO,G,"5'9""",180,5/31/1984, Nate  Robinson,32.9144421629,Nate,Robinson,N. RobinsonN. Robinson
507,BKN,F/C,"6'10""",250,3/17/1991, Thomas  Robinson,26.12183436,Thomas,Robinson,T. RobinsonT. Robinson
508,IND,SF,"6'6""",222,1/08/1994, Glenn  Robinson III,23.3073237509,Glenn,Robinson III,G. Robinson IIIG. Robinson III
509,SAC,PG,"6'1""",186,2/22/1986, Rajon  Rondo,31.1841204654,Rajon,Rondo,R. RondoR. Rondo
510,CHI,PG,"6'3""",190,10/04/1988, Derrick  Rose,28.5694729637,Derrick,Rose,D. RoseD. Rose
511,TOR,G/F,"6'7""",195,2/05/1991, Terrence  Ross,26.2313483915,Terrence,Ross,T. RossT. Ross
512,BOS,PG,"6'1""",190,3/17/1994, Terry  Rozier,23.1211498973,Terry,Rozier,T. RozierT. Rozier
513,MIN,PG,"6'4""",192,10/21/1990, Ricky  Rubio,26.5242984257,Ricky,Rubio,R. RubioR. Rubio
514,MIN,G/F,"6'10""",230,6/17/1986, Damjan  Rudez,30.8692676249,Damjan,Rudez,D. RudezD. Rudez
515,GS,G/F,"6'6""",210,7/07/1985, Brandon  Rush,31.8138261465,Brandon,Rush,B. RushB. Rush
516,LAL,PG,"6'5""",195,2/23/1996, D'Angelo  Russell,21.18275154,D'Angelo,Russell,D. RussellD. Russell
517,LAL,C,"7'0""",270,6/06/1989, Robert  Sacre,27.8986995209,Robert,Sacre,R. SacreR. Sacre
518,DEN,G/F,"6'9""",214,3/20/1993, Jakarr  Sampson,24.1122518823,Jakarr,Sampson,J. SampsonJ. Sampson
519,FA,SG,"6'5""",215,6/16/1993, Wesley  Saunders,23.871321013,Wesley,Saunders,W. SaundersW. Saunders
520,ATL,PG,"6'1""",172,9/15/1993, Dennis  Schroder,23.6221765914,Dennis,Schroder,D. SchroderD. Schroder
521,TOR,F/C,"6'9""",240,4/30/1980, Luis  Scola,36.9993155373,Luis,Scola,L. ScolaL. Scola
522,ATL,PF,"6'8""",237,7/16/1988, Mike  Scott,28.7885010267,Mike,Scott,M. ScottM. Scott
523,FA,SG,"6'1""",187,12/21/1992, Shannon  Scott,24.3559206023,Shannon,Scott,S. ScottS. Scott
524,ATL,G/F,"6'7""",220,5/02/1984, Thabo  Sefolosha,32.9938398357,Thabo,Sefolosha,T. SefoloshaT. Sefolosha
525,NY,F/C,"6'9""",278,12/07/1989, Kevin  Seraphin,27.394934976,Kevin,Seraphin,K. SeraphinK. Seraphin
526,WSH,G,"6'3""",190,4/11/1986, Ramon  Sessions,31.0527036277,Ramon,Sessions,R. SessionsR. Sessions
527,CLE,G/F,"6'5""",220,6/26/1990, Iman  Shumpert,26.8446269678,Iman,Shumpert,I. ShumpertI. Shumpert
528,FA,G,"6'6""",187,12/16/1988, Alexey  Shved,28.3696098563,Alexey,Shved,A. ShvedA. Shved
529,FA,SG,"6'4""",187,8/01/1992, Jordan  Sibert,24.7446954141,Jordan,Sibert,J. SibertJ. Sibert
530,SA,SF,"6'6""",195,9/14/1989, Jonathon  Simmons,27.6249144422,Jonathon,Simmons,J. SimmonsJ. Simmons
531,FA,SG,"6'6""",220,1/28/1988, Marcus  Simmons,29.2539356605,Marcus,Simmons,M. SimmonsM. Simmons
532,BKN,C,"6'10""",248,3/27/1990, Henry  Sims,27.0937713895,Henry,Sims,H. SimsH. Sims
533,FA,C,"7'5""",290,12/10/1995, Satnam  Singh,21.3880903491,Satnam,Singh,S. SinghS. Singh
534,FA,SF,"6'6""",215,6/06/1990, E.J.  Singler,26.8993839836,E.J.,Singler,E. SinglerE. Singler
535,OKC,G/F,"6'8""",228,5/04/1988, Kyle  Singler,28.9883641342,Kyle,Singler,K. SinglerK. Singler
536,BKN,G,"6'3""",210,1/15/1988, Donald  Sloan,29.2895277207,Donald,Sloan,D. SloanD. Sloan
537,BOS,PG,"6'4""",220,3/06/1994, Marcus  Smart,23.151266256,Marcus,Smart,M. SmartM. Smart
538,MIN,F/C,"6'10""",260,1/08/1991, Greg  Smith,26.3080082136,Greg,Smith,G. SmithG. Smith
539,PHI,PG,"6'0""",175,7/05/1988, Ish  Smith,28.8186173854,Ish,Smith,I. SmithI. Smith
540,CLE,G/F,"6'6""",225,9/09/1985, J.R.  Smith,31.6386036961,J.R.,Smith,J. SmithJ. Smith
541,ORL,F/C,"7'0""",240,3/02/1986, Jason  Smith,31.1622176591,Jason,Smith,J. SmithJ. Smith
542,HOU,F,"6'9""",225,12/05/1985, Josh  Smith,31.4004106776,Josh,Smith,J. SmithJ. Smith
543,FA,C,"6'10""",350,5/14/1992, Joshua  Smith,24.9609856263,Joshua,Smith,J. SmithJ. Smith
544,MEM,PG,"6'0""",165,4/19/1991, Russ  Smith,26.0314852841,Russ,Smith,R. SmithR. Smith
545,CHI,G/F,"6'7""",200,11/10/1991, Tony  Snell,25.4702258727,Tony,Snell,T. SnellT. Snell
546,FA,PG,"6'2""",175,1/15/1988, Edgar  Sosa,29.2895277207,Edgar,Sosa,E. SosaE. Sosa
547,GS,F/C,"6'10""",255,8/04/1987, Marreese  Speights,29.7385352498,Marreese,Speights,M. SpeightsM. Speights
548,ATL,C,"6'11""",245,1/01/1985, Tiago  Splitter,32.3258042437,Tiago,Splitter,T. SplitterT. Splitter
549,FA,PG,"5'11""",186,5/21/1992, Juwan  Staten,24.9418206708,Juwan,Staten,J. StatenJ. Staten
550,PHI,SG,"6'6""",205,10/07/1993, Nik  Stauskas,23.5619438741,Nik,Stauskas,N. StauskasN. Stauskas
551,FA,SF,"6'5""",188,12/19/1990, D.J.  Stephens,26.3627652293,D.J.,Stephens,D. StephensD. Stephens
552,MEM,G/F,"6'5""",230,9/05/1990, Lance  Stephenson,26.6502395619,Lance,Stephenson,L. StephensonL. Stephenson
553,MEM,SF,"6'10""",250,8/07/1987, Alex  Stepheson,29.7303216975,Alex,Stepheson,A. StephesonA. Stepheson
554,FA,C,"6'11""",237,9/26/1985, Greg  Stiemsma,31.5920602327,Greg,Stiemsma,G. StiemsmaG. Stiemsma
555,FA,PG,"5'11""",165,6/24/1991, David  Stockton,25.8507871321,David,Stockton,D. StocktonD. Stockton
556,NO,PF,"6'9""",263,1/07/1994, Jarnell  Stokes,23.3100616016,Jarnell,Stokes,J. StokesJ. Stokes
557,FA,G/F,"6'6""",200,12/07/1988, Julyan  Stone,28.3942505133,Julyan,Stone,J. StoneJ. Stone
558,MIA,F/C,"6'11""",245,11/16/1982, Amar'e  Stoudemire,34.4531143053,Amar'e,Stoudemire,A. StoudemireA. Stoudemire
559,IND,G,"6'5""",210,4/21/1986, Rodney  Stuckey,31.0253251198,Rodney,Stuckey,R. StuckeyR. Stuckey
560,BOS,F/C,"6'9""",280,3/04/1992, Jared  Sullinger,25.1553730322,Jared,Sullinger,J. SullingerJ. Sullinger
561,FA,F,"6'8""",240,1/24/1988, DaJuan  Summers,29.2648870637,DaJuan,Summers,D. SummersD. Summers
562,FA,SF,"6'6""",200,10/23/1987, Devin  Sweetney,29.5195071869,Devin,Sweetney,D. SweetneyD. Sweetney
563,FA,PG,"6'0""",165,12/30/1993, Keifer  Sykes,23.3319644079,Keifer,Sykes,K. SykesK. Sykes
564,ATL,C,"7'3""",265,3/22/1992, Walter  Tavares,25.106091718,Walter,Tavares,W. TavaresW. Tavares
565,FA,G/F,"6'7""",225,5/23/1989, Jeffery  Taylor,27.9370294319,Jeffery,Taylor,J. TaylorJ. Taylor
566,ATL,PG,"6'2""",186,6/10/1988, Jeff  Teague,28.887063655,Jeff,Teague,J. TeagueJ. Teague
567,PHX,F,"6'9""",242,9/17/1985, Mirza  Teletovic,31.6167008898,Mirza,Teletovic,M. TeletovicM. Teletovic
568,WSH,G,"6'6""",195,5/08/1986, Garrett  Temple,30.9787816564,Garrett,Temple,G. TempleG. Temple
569,HOU,G,"6'2""",185,9/15/1977, Jason  Terry,39.6221765914,Jason,Terry,J. TerryJ. Terry
570,FA,PF,"6'7""",240,3/25/1993, Adonis  Thomas,24.0985626283,Adonis,Thomas,A. ThomasA. Thomas
571,FA,F,"6'7""",215,8/29/1991, Deshaun  Thomas,25.6700889802,Deshaun,Thomas,D. ThomasD. Thomas
572,BOS,PG,"5'9""",185,2/07/1989, Isaiah  Thomas,28.2245037645,Isaiah,Thomas,I. ThomasI. Thomas
573,NY,G/F,"6'8""",225,4/24/1988, Lance  Thomas,29.015742642,Lance,Thomas,L. ThomasL. Thomas
574,PHI,G/F,"6'8""",206,4/03/1991, Hollis  Thompson,26.0752908966,Hollis,Thompson,H. ThompsonH. Thompson
575,TOR,F/C,"6'11""",250,7/21/1986, Jason  Thompson,30.7761806982,Jason,Thompson,J. ThompsonJ. Thompson
576,GS,G/F,"6'7""",215,2/08/1990, Klay  Thompson,27.2224503765,Klay,Thompson,K. ThompsonK. Thompson
577,FA,PF,"6'7""",200,11/11/1992, Sam  Thompson,24.4654346338,Sam,Thompson,S. ThompsonS. Thompson
578,CLE,F/C,"6'10""",238,3/13/1991, Tristan  Thompson,26.1327857632,Tristan,Thompson,T. ThompsonT. Thompson
579,WSH,G/F,"6'4""",205,6/05/1987, Marcus  Thornton,29.9028062971,Marcus,Thornton,M. ThorntonM. Thornton
580,FA,PG,"6'4""",190,2/09/1993, Marcus  Thornton,24.219028063,Marcus,Thornton,M. ThorntonM. Thornton
581,FA,SF,"6'7""",226,7/02/1992, Janis  Timma,24.8268309377,Janis,Timma,J. TimmaJ. Timma
582,FA,SF,"6'6""",200,9/15/1993, J.P.  Tokoto,23.6221765914,J.P.,Tokoto,J. TokotoJ. Tokoto
583,DET,F,"6'8""",240,6/01/1985, Anthony  Tolliver,31.9123887748,Anthony,Tolliver,A. TolliverA. Tolliver
584,DEN,G/F,"6'7""",210,7/23/1992, Axel  Toupane,24.7693360712,Axel,Toupane,A. ToupaneA. Toupane
585,MIN,C,"6'11""",250,11/15/1995, Karl-Anthony  Towns,21.4565366188,Karl-Anthony,Towns,K. TownsK. Towns
586,FA,SG,"6'0""",170,1/22/1993, Travis  Trice,24.2683093771,Travis,Trice,T. TriceT. Trice
587,FA,F,"7'0""",231,4/14/1983, Nikoloz  Tskitishvili,34.045174538,Nikoloz,Tskitishvili,N. TskitishviliN. Tskitishvili
588,PHX,G/F,"6'6""",260,5/05/1985, P.J.  Tucker,31.9863107461,P.J.,Tucker,P. TuckerP. Tucker
589,FA,F,"6'10""",220,3/19/1979, Hedo  Turkoglu,38.1163586585,Hedo,Turkoglu,H. TurkogluH. Turkoglu
590,BOS,G/F,"6'7""",216,10/27/1988, Evan  Turner,28.5065023956,Evan,Turner,E. TurnerE. Turner
591,IND,F/C,"6'11""",240,3/24/1996, Myles  Turner,21.1006160164,Myles,Turner,M. TurnerM. Turner
592,FA,C,"6'10""",250,6/21/1991, Jeremy  Tyler,25.8590006845,Jeremy,Tyler,J. TylerJ. Tyler
593,FA,F,"6'6""",205,6/18/1992, Chris  Udofia,24.8651608487,Chris,Udofia,C. UdofiaC. Udofia
594,FA,F/C,"6'10""",245,5/20/1987, Ekpe  Udoh,29.9466119097,Ekpe,Udoh,E. UdohE. Udoh
595,MIA,PG,"6'3""",205,7/05/1982, Beno  Udrih,34.8199863107,Beno,Udrih,B. UdrihB. Udrih
596,FA,C,"7'0""",258,1/05/1994, Robert  Upshaw,23.3155373032,Robert,Upshaw,R. UpshawR. Upshaw
597,TOR,C,"7'0""",265,5/06/1992, Jonas  Valanciunas,24.9828884326,Jonas,Valanciunas,J. ValanciunasJ. Valanciunas
598,GS,F/C,"6'11""",273,9/28/1982, Anderson  Varejao,34.5872689938,Anderson,Varejao,A. VarejaoA. Varejao
599,MIL,G,"6'6""",200,1/16/1987, Greivis  Vasquez,30.2861054073,Greivis,Vasquez,G. VasquezG. Vasquez
600,MIL,SG,"6'6""",210,8/16/1996, Rashad  Vaughn,20.7036276523,Rashad,Vaughn,R. VaughnR. Vaughn
601,FA,SF,"6'6""",200,3/22/1996, Juan  Vaulet,21.106091718,Juan,Vaulet,J. VauletJ. Vaulet
602,DAL,PF,"6'11""",238,8/24/1984, Charlie  Villanueva,32.681724846,Charlie,Villanueva,C. VillanuevaC. Villanueva
603,POR,PF,"6'10""",245,8/24/1995, Noah  Vonleh,21.6837782341,Noah,Vonleh,N. VonlehN. Vonleh
604,ORL,F/C,"7'0""",260,10/24/1990, Nikola  Vucevic,26.5160848734,Nikola,Vucevic,N. VucevicN. Vucevic
605,NY,SG,"6'7""",193,3/08/1984, Sasha  Vujacic,33.144421629,Sasha,Vujacic,S. VujacicS. Vujacic
606,MIA,G,"6'4""",220,1/17/1982, Dwyane  Wade,35.2826830938,Dwyane,Wade,D. WadeD. Wade
607,OKC,G/F,"6'4""",225,12/10/1991, Dion  Waiters,25.3880903491,Dion,Waiters,D. WaitersD. Waiters
608,FA,PG,"6'2""",189,8/05/1992, Corey  Walden,24.733744011,Corey,Walden,C. WaldenC. Walden
609,FA,PF,"6'10""",220,12/22/1994, Chris  Walker,22.3545516769,Chris,Walker,C. WalkerC. Walker
610,FA,G/F,"6'6""",235,10/09/1987, Henry  Walker,29.5578370979,Henry,Walker,H. WalkerH. Walker
611,CHA,PG,"6'1""",184,5/08/1990, Kemba  Walker,26.9787816564,Kemba,Walker,K. WalkerK. Walker
612,WSH,PG,"6'4""",195,9/06/1990, John  Wall,26.6475017112,John,Wall,J. WallJ. Wall
613,FA,F,"6'7""",220,7/23/1982, Gerald  Wallace,34.7707049966,Gerald,Wallace,G. WallaceG. Wallace
614,PHX,SF,"6'8""",230,9/05/1993, T.J.  Warren,23.6495550992,T.J.,Warren,T. WarrenT. Warren
615,FA,C,"7'0""",245,6/05/1990, Jason  Washburn,26.9021218344,Jason,Washburn,J. WashburnJ. Washburn
616,FA,SF,"6'8""",210,12/18/1991, Julian  Washburn,25.3661875428,Julian,Washburn,J. WashburnJ. Washburn
617,ORL,PG,"6'2""",175,4/17/1984, C.J.  Watson,33.0349075975,C.J.,Watson,C. WatsonC. Watson
618,FA,PF,"6'10""",230,9/21/1990, Travis  Wear,26.6064339493,Travis,Wear,T. WearT. Wear
619,MIA,PG,"6'2""",165,12/29/1992, Briante  Weber,24.334017796,Briante,Weber,B. WeberB. Weber
620,FA,PG,"6'2""",190,11/29/1988, Corey  Webster,28.4161533196,Corey,Webster,C. WebsterC. Webster
621,WSH,G/F,"6'7""",230,12/04/1986, Martell  Webster,30.4038329911,Martell,Webster,M. WebsterM. Webster
622,PHI,G/F,"6'6""",205,7/08/1986, Sonny  Weems,30.8117727584,Sonny,Weems,S. WeemsS. Weems
623,FA,SF,"6'5""",215,4/15/1992, Dez  Wells,25.0403832991,Dez,Wells,D. WellsD. Wells
624,SA,PF,"6'9""",240,8/29/1980, David  West,36.6680355921,David,West,D. WestD. West
625,FA,SG,"6'4""",196,8/21/1989, Charlie  Westbrook,27.6906228611,Charlie,Westbrook,C. WestbrookC. Westbrook
626,OKC,PG,"6'3""",200,11/12/1988, Russell  Westbrook,28.462696783,Russell,Westbrook,R. WestbrookR. Westbrook
627,FA,PF,"6'9""",210,9/10/1992, Aaron  White,24.6351813826,Aaron,White,A. WhiteA. White
628,FA,G,"6'5""",215,3/07/1990, Terrico  White,27.1485284052,Terrico,White,T. WhiteT. White
629,MIA,C,"7'0""",235,6/13/1989, Hassan  Whiteside,27.8795345654,Hassan,Whiteside,H. WhitesideH. Whiteside
630,FA,PF,"6'8""",212,2/07/1993, Greg  Whittington,24.2245037645,Greg,Whittington,G. WhittingtonG. Whittington
631,IND,C,"6'11""",250,3/27/1991, Shayne  Whittington,26.0944558522,Shayne,Whittington,S. WhittingtonS. Whittington
632,MIN,G/F,"6'8""",200,2/23/1995, Andrew  Wiggins,22.1820670773,Andrew,Wiggins,A. WigginsA. Wiggins
633,FA,SG,"6'6""",192,2/04/1991, Nick  Wiggins,26.2340862423,Nick,Wiggins,N. WigginsN. Wiggins
634,FA,PG,"6'2""",176,4/05/1993, Scottie  Wilbekin,24.0684462697,Scottie,Wilbekin,S. WilbekinS. Wilbekin
635,LAC,SG,"6'5""",195,12/30/1990, C.J.  Wilcox,26.3326488706,C.J.,Wilcox,C. WilcoxC. Wilcox
636,FA,G/F,"6'6""",225,1/11/1980, Damien  Wilkins,37.3004791239,Damien,Wilkins,D. WilkinsD. Wilkins
637,PHX,PF,"6'8""",262,1/28/1993, Alan  Williams,24.2518822724,Alan,Williams,A. WilliamsA. Williams
638,DAL,PG,"6'3""",200,6/26/1984, Deron  Williams,32.8432580424,Deron,Williams,D. WilliamsD. Williams
639,NY,F,"6'8""",240,5/25/1991, Derrick  Williams,25.9329226557,Derrick,Williams,D. WilliamsD. Williams
640,MEM,SG,"6'5""",180,6/20/1989, Elliot  Williams,27.8603696099,Elliot,Williams,E. WilliamsE. Williams
641,LAL,G,"6'1""",175,10/27/1986, Lou  Williams,30.507871321,Lou,Williams,L. WilliamsL. Williams
642,CHA,F,"6'9""",237,6/19/1986, Marvin  Williams,30.8637919233,Marvin,Williams,M. WilliamsM. Williams
643,CLE,G,"6'1""",198,12/19/1982, Mo  Williams,34.3627652293,Mo,Williams,M. WilliamsM. Williams
644,FA,G/F,"6'6""",205,9/14/1986, Reggie  Williams,30.6255989049,Reggie,Williams,R. WilliamsR. Williams
645,FA,F,"6'10""",230,2/16/1986, Shawne  Williams,31.2005475702,Shawne,Williams,S. WilliamsS. Williams
646,FA,PF,"6'7""",230,11/21/1990, Jamil  Wilson,26.4394250513,Jamil,Wilson,J. WilsonJ. Wilson
647,MIA,F,"6'7""",225,3/26/1996, Justise  Winslow,21.0951403149,Justise,Winslow,J. WinslowJ. Winslow
648,UTA,C,"7'0""",222,3/07/1990, Jeff  Withey,27.1485284052,Jeff,Withey,J. WitheyJ. Withey
649,PHI,F/C,"6'11""",220,9/27/1995, Christian  Wood,21.5906913073,Christian,Wood,C. WoodC. Wood
