,team,position,Height,Weight,Birthdate,Full_name,age,First_name,Last_name,player
0,NY,F,"6'7""",240,10/06/1990, Quincy  Acy,26.5653661875,Quincy,Acy,Q. AcyQ. Acy
1,MEM,SG,"6'5""",209,7/08/1994, Jordan  Adams,22.8117727584,Jordan,Adams,J. AdamsJ. Adams
2,OKC,C,"7'0""",255,7/20/1993, Steven  Adams,23.7782340862,Steven,Adams,S. AdamsS. Adams
3,MIN,F,"6'7""",245,2/10/1986, Jeff  Adrien,31.2169746749,Jeff,Adrien,J. AdrienJ. Adrien
4,POR,G/F,"6'5""",215,10/15/1985, Arron  Afflalo,31.5400410678,Arron,Afflalo,A. AfflaloA. Afflalo
5,NO,F/C,"7'0""",248,5/06/1988, Alexis  Ajinca,28.9828884326,Alexis,Ajinca,A. AjincaA. Ajinca
6,FA,G,"6'5""",194,4/16/1987, Cenk  Akyol,30.0396988364,Cenk,Akyol,C. AkyolC. Akyol
7,PHI,PF,"6'9""",220,8/09/1991, Furkan  Aldemir,25.7248459959,Furkan,Aldemir,F. AldemirF. Aldemir
8,NY,C,"6'11""",245,10/31/1988, Cole  Aldrich,28.4955509925,Cole,Aldrich,C. AldrichC. Aldrich
9,POR,F/C,"6'11""",260,7/19/1985, LaMarcus  Aldridge,31.780971937,LaMarcus,Aldridge,L. AldridgeL. Aldridge
10,IND,F/C,"6'9""",260,2/04/1989, Lavoy  Allen,28.2327173169,Lavoy,Allen,L. AllenL. Allen
11,FA,SG,"6'5""",205,7/20/1975, Ray  Allen,41.7796030116,Ray,Allen,R. AllenR. Allen
12,MEM,G/F,"6'4""",213,1/11/1982, Tony  Allen,35.2991101985,Tony,Allen,T. AllenT. Allen
13,DAL,SF,"6'9""",220,9/21/1990, Al-Farouq  Aminu,26.6064339493,Al-Farouq,Aminu,A. AminuA. Aminu
14,NY,PF,"6'9""",225,12/07/1982, Louis  Amundson,34.3956194387,Louis,Amundson,L. AmundsonL. Amundson
15,MIA,F/C,"6'10""",245,7/07/1978, Chris  Andersen,38.8145106092,Chris,Andersen,C. AndersenC. Andersen
16,BKN,G/F,"6'6""",220,10/16/1982, Alan  Anderson,34.5379876797,Alan,Anderson,A. AndersonA. Anderson
17,FA,G/F,"6'6""",215,3/25/1989, James  Anderson,28.0985626283,James,Anderson,J. AndersonJ. Anderson
18,SA,SF,"6'9""",230,9/20/1993, Kyle  Anderson,23.6084873374,Kyle,Anderson,K. AndersonK. Anderson
19,NO,F/C,"6'10""",240,5/06/1988, Ryan  Anderson,28.9828884326,Ryan,Anderson,R. AndersonR. Anderson
20,MIL,F,"6'11""",217,12/06/1994, Giannis  Antetokounmpo,22.3983572895,Giannis,Antetokounmpo,G. AntetokounmpoG. Antetokounmpo
21,FA,SF,"6'7""",215,7/17/1992, Thanasis  Antetokounmpo,24.7857631759,Thanasis,Antetokounmpo,T. AntetokounmpoT. Antetokounmpo
22,NY,F,"6'8""",240,5/29/1984, Carmelo  Anthony,32.9199178645,Carmelo,Anthony,C. AnthonyC. Anthony
23,DET,F/C,"6'9""",245,8/09/1982, Joel  Anthony,34.7241615332,Joel,Anthony,J. AnthonyJ. Anthony
24,ATL,C,"6'11""",265,7/29/1982, Pero  Antic,34.7542778919,Pero,Antic,P. AnticP. Antic
25,FA,PG,"6'1""",185,2/13/1992, Keith  Appling,25.2101300479,Keith,Appling,K. ApplingK. Appling
26,HOU,G/F,"6'8""",220,6/30/1985, Trevor  Ariza,31.832991102,Trevor,Ariza,T. ArizaT. Ariza
27,FA,F/C,"6'11""",235,11/23/1984, Hilton  Armstrong,32.4325804244,Hilton,Armstrong,H. ArmstrongH. Armstrong
28,DEN,F/C,"6'9""",235,3/25/1988, Darrell  Arthur,29.0978781656,Darrell,Arthur,D. ArthurD. Arthur
29,NO,F/C,"7'0""",255,7/04/1986, Omer  Asik,30.8227241615,Omer,Asik,O. AsikO. Asik
30,OKC,PG,"6'0""",183,11/10/1987, D.J.  Augustin,29.4702258727,D.J.,Augustin,D. AugustinD. Augustin
31,FA,F/C,"6'10""",250,4/01/1985, Gustavo  Ayon,32.0793976728,Gustavo,Ayon,G. AyonG. Ayon
32,SA,F/C,"6'9""",250,4/29/1987, Jeff  Ayres,30.0041067762,Jeff,Ayres,J. AyresJ. Ayres
33,BOS,SG,"6'5""",225,2/14/1990, Chris  Babb,27.2060232717,Chris,Babb,C. BabbC. Babb
34,NO,SF,"6'9""",217,6/20/1989, Luke  Babbitt,27.8603696099,Luke,Babbitt,L. BabbittL. Babbitt
35,CHI,F/C,"6'9""",250,12/07/1990, Cameron  Bairstow,26.3956194387,Cameron,Bairstow,C. BairstowC. Bairstow
36,GS,G,"6'3""",194,11/28/1982, Leandro  Barbosa,34.4202600958,Leandro,Barbosa,L. BarbosaL. Barbosa
37,DAL,G,"6'0""",183,6/26/1984, J.J.  Barea,32.8432580424,J.J.,Barea,J. BareaJ. Barea
38,NY,F/C,"7'0""",250,10/26/1985, Andrea  Bargnani,31.5099247091,Andrea,Bargnani,A. BargnaniA. Bargnani
39,GS,F,"6'8""",225,5/30/1992, Harrison  Barnes,24.9171800137,Harrison,Barnes,H. BarnesH. Barnes
40,CHA,SF,"6'7""",226,3/09/1980, Matt  Barnes,37.1416837782,Matt,Barnes,M. BarnesM. Barnes
41,PHX,F/C,"7'0""",250,8/14/1981, Earl  Barron,35.7097878166,Earl,Barron,E. BarronE. Barron
42,DEN,G/F,"6'6""",185,1/06/1991, Will  Barton,26.3134839151,Will,Barton,W. BartonW. Barton
43,BOS,F/C,"6'8""",250,4/30/1985, Brandon  Bass,32.0,Brandon,Bass,B. BassB. Bass
44,FA,G/F,"6'8""",220,9/09/1978, Shane  Battier,38.6392881588,Shane,Battier,S. BattierS. Battier
45,FA,PF,"6'9""",245,6/06/1991, Kadeem  Batts,25.9000684463,Kadeem,Batts,K. BattsK. Batts
46,POR,G/F,"6'8""",225,12/14/1988, Nicolas  Batum,28.3750855578,Nicolas,Batum,N. BatumN. Batum
47,FA,F,"6'11""",220,6/05/1984, Edin  Bavcic,32.900752909,Edin,Bavcic,E. BavcicE. Bavcic
48,MIL,G,"6'3""",200,8/20/1988, Jerryd  Bayless,28.6926762491,Jerryd,Bayless,J. BaylessJ. Bayless
49,SA,C,"6'10""",255,12/09/1986, Aron  Baynes,30.3901437372,Aron,Baynes,A. BaynesA. Baynes
50,ATL,G/F,"6'5""",201,7/01/1989, Kent  Bazemore,27.8302532512,Kent,Bazemore,K. BazemoreK. Bazemore
51,WSH,SG,"6'5""",207,6/28/1993, Bradley  Beal,23.8384668036,Bradley,Beal,B. BealB. Beal
52,MIA,F,"6'10""",235,1/09/1989, Michael  Beasley,28.3039014374,Michael,Beasley,M. BeasleyM. Beasley
53,SA,G/F,"6'5""",215,3/25/1986, Marco  Belinelli,31.099247091,Marco,Belinelli,M. BelinelliM. Belinelli
54,UTA,PF,"6'8""",245,8/01/1991, Jerrelle  Benimon,25.7467488022,Jerrelle,Benimon,J. BenimonJ. Benimon
55,MIN,F,"6'8""",245,3/14/1993, Anthony  Bennett,24.128678987,Anthony,Bennett,A. BennettA. Bennett
56,HOU,G,"6'1""",185,7/12/1988, Patrick  Beverley,28.7994524298,Patrick,Beverley,P. BeverleyP. Beverley
57,SAC,C,"7'5""",360,12/02/1992, Sim  Bhullar,24.4079397673,Sim,Bhullar,S. BhullarS. Bhullar
58,FA,G,"6'3""",210,9/25/1976, Chauncey  Billups,40.5941136208,Chauncey,Billups,C. BillupsC. Billups
59,FA,PF,"6'10""",215,9/28/1992, Khem  Birch,24.5859000684,Khem,Birch,K. BirchK. Birch
60,CHA,C,"6'9""",245,8/28/1992, Bismack  Biyombo,24.6707734428,Bismack,Biyombo,B. BiyomboB. Biyombo
61,LAL,F/C,"6'11""",250,11/22/1991, Tarik  Black,25.4373716632,Tarik,Black,T. BlackT. Black
62,WSH,F/C,"6'7""",260,4/22/1989, DeJuan  Blair,28.0219028063,DeJuan,Blair,D. BlairD. Blair
63,POR,G,"6'3""",175,2/26/1980, Steve  Blake,37.1745379877,Steve,Blake,S. BlakeS. Blake
64,FA,F/C,"6'11""",260,8/22/1986, Andray  Blatche,30.688569473,Andray,Blatche,A. BlatcheA. Blatche
65,PHX,G,"6'1""",190,12/09/1989, Eric  Bledsoe,27.3894592745,Eric,Bledsoe,E. BledsoeE. Bledsoe
66,LAL,PG,"6'5""",200,7/17/1992, Vander  Blue,24.7857631759,Vander,Blue,V. BlueV. Blue
67,FA,G/F,"6'5""",215,5/12/1980, Keith  Bogans,36.9664613279,Keith,Bogans,K. BogansK. Bogans
68,FA,SG,"6'6""",200,8/18/1992, Bogdan  Bogdanovic,24.6981519507,Bogdan,Bogdanovic,B. BogdanovicB. Bogdanovic
69,BKN,G/F,"6'8""",216,4/18/1989, Bojan  Bogdanovic,28.0328542094,Bojan,Bogdanovic,B. BogdanovicB. Bogdanovic
70,GS,C,"7'0""",260,11/28/1984, Andrew  Bogut,32.4188911704,Andrew,Bogut,A. BogutA. Bogut
71,SA,F/C,"6'10""",235,4/05/1980, Matt  Bonner,37.067761807,Matt,Bonner,M. BonnerM. Bonner
72,UTA,PF,"6'8""",230,11/25/1987, Trevor  Booker,29.4291581109,Trevor,Booker,T. BookerT. Booker
73,LAL,F/C,"6'9""",258,11/20/1981, Carlos  Boozer,35.4414784394,Carlos,Boozer,C. BoozerC. Boozer
74,MIA,F/C,"6'11""",235,3/24/1984, Chris  Bosh,33.1006160164,Chris,Bosh,C. BoshC. Bosh
75,FA,PG,"6'2""",176,10/12/1989, Dee  Bost,27.5482546201,Dee,Bost,D. BostD. Bost
76,FA,SF,"6'5""",230,5/12/1987, Josh  Bostic,29.9685147159,Josh,Bostic,J. BosticJ. Bostic
77,BOS,G,"6'2""",195,11/26/1990, Avery  Bradley,26.4257357974,Avery,Bradley,A. BradleyA. Bradley
78,ATL,F/C,"6'9""",254,3/11/1979, Elton  Brand,38.1382614648,Elton,Brand,E. BrandE. Brand
79,HOU,G/F,"6'9""",185,3/05/1986, Corey  Brewer,31.1540041068,Corey,Brewer,C. BrewerC. Brewer
80,FA,G/F,"6'7""",235,3/20/1985, Ronnie  Brewer,32.1122518823,Ronnie,Brewer,R. BrewerR. Brewer
81,CHI,PG,"6'0""",161,1/14/1985, Aaron  Brooks,32.2902121834,Aaron,Brooks,A. BrooksA. Brooks
82,FA,G/F,"6'5""",200,1/26/1989, MarShon  Brooks,28.257357974,MarShon,Brooks,M. BrooksM. Brooks
83,FA,C,"7'1""",235,7/23/1992, Alec  Brown,24.7693360712,Alec,Brown,A. BrownA. Brown
84,LAL,SG,"6'5""",215,12/18/1992, Jabari  Brown,24.3641341547,Jabari,Brown,J. BrownJ. Brown
85,MIN,PG,"6'5""",186,8/26/1990, Lorenzo  Brown,26.6776180698,Lorenzo,Brown,L. BrownL. Brown
86,BKN,SG,"6'3""",190,1/29/1992, Markel  Brown,25.2511978097,Markel,Brown,M. BrownM. Brown
87,MIA,SG,"6'3""",215,11/29/1985, Shannon  Brown,31.4168377823,Shannon,Brown,S. BrownS. Brown
88,LAL,G/F,"6'6""",212,8/23/1978, Kobe  Bryant,38.6858316222,Kobe,Bryant,K. BryantK. Bryant
89,MIN,G/F,"6'7""",209,5/22/1988, Chase  Budinger,28.93908282,Chase,Budinger,C. BudingerC. Budinger
90,PHX,G/F,"6'7""",205,3/16/1991, Reggie  Bullock,26.1245722108,Reggie,Bullock,R. BullockR. Bullock
91,UTA,PG,"6'1""",185,11/12/1992, Trey  Burke,24.462696783,Trey,Burke,T. BurkeT. Burke
92,UTA,G,"6'6""",211,7/20/1991, Alec  Burks,25.7796030116,Alec,Burks,A. BurksA. Burks
93,FA,PG,"6'1""",190,7/26/1991, Deonte  Burton,25.7631759069,Deonte,Burton,D. BurtonD. Burton
94,MIL,SF,"6'7""",217,3/13/1980, Caron  Butler,37.1307323751,Caron,Butler,C. ButlerC. Butler
95,CHI,G/F,"6'7""",220,9/14/1989, Jimmy  Butler,27.6249144422,Jimmy,Butler,J. ButlerJ. Butler
96,WSH,G/F,"6'7""",220,5/23/1979, Rasual  Butler,37.9383983573,Rasual,Butler,R. ButlerR. Butler
97,LAL,PG,"6'3""",190,3/06/1989, Dwight  Buycks,28.1505817933,Dwight,Buycks,D. BuycksD. Buycks
98,FA,C,"7'0""",294,10/27/1987, Andrew  Bynum,29.5085557837,Andrew,Bynum,A. BynumA. Bynum
99,WSH,PG,"6'0""",185,1/04/1983, Will  Bynum,34.3189596167,Will,Bynum,W. BynumW. Bynum
100,TOR,SF,"6'9""",205,9/21/1995, Bruno  Caboclo,21.607118412,Bruno,Caboclo,B. CabocloB. Caboclo
101,MEM,G,"6'6""",213,2/07/1989, Nick  Calathes,28.2245037645,Nick,Calathes,N. CalathesN. Calathes
102,NY,PG,"6'3""",210,9/28/1981, Jose  Calderon,35.5865845311,Jose,Calderon,J. CalderonJ. Calderon
103,DET,SG,"6'5""",205,2/18/1993, Kentavious  Caldwell-Pope,24.1943874059,Kentavious,Caldwell-Pope,K. Caldwell-PopeK. Caldwell-Pope
104,PHI,PG,"6'0""",188,5/21/1991, Isaiah  Canaan,25.9438740589,Isaiah,Canaan,I. CanaanI. Canaan
105,HOU,PF,"6'10""",245,5/18/1994, Clint  Capela,22.9514031485,Clint,Capela,C. CapelaC. Capela
106,ATL,F,"6'8""",212,7/27/1986, DeMarre  Carroll,30.7597535934,DeMarre,Carroll,D. CarrollD. Carroll
107,MEM,G/F,"6'6""",220,1/26/1977, Vince  Carter,40.257357974,Vince,Carter,V. CarterV. Carter
108,MIL,PG,"6'6""",185,10/10/1991, Michael  Carter-Williams,25.5550992471,Michael,Carter-Williams,M. Carter-WilliamsM. Carter-Williams
109,SAC,SF,"6'9""",225,6/22/1988, Omri  Casspi,28.8542094456,Omri,Casspi,O. CasspiO. Casspi
110,MIA,G,"6'2""",190,5/19/1986, Mario  Chalmers,30.9486652977,Mario,Chalmers,M. ChalmersM. Chalmers
111,DAL,C,"7'1""",245,10/02/1982, Tyson  Chandler,34.5763175907,Tyson,Chandler,T. ChandlerT. Chandler
112,DEN,G/F,"6'8""",225,5/10/1987, Wilson  Chandler,29.9739904175,Wilson,Chandler,W. ChandlerW. Chandler
113,CLE,PG,"6'0""",185,2/08/1991, Will  Cherry,26.2231348392,Will,Cherry,W. CherryW. Cherry
114,FA,G,"6'5""",212,9/15/1986, Dionte  Christmas,30.6228610541,Dionte,Christmas,D. ChristmasD. Christmas
115,FA,PG,"6'3""",190,11/01/1992, Semaj  Christon,24.4928131417,Semaj,Christon,S. ChristonS. Christon
116,UTA,SG,"6'5""",220,6/03/1988, Patrick  Christopher,28.9062286105,Patrick,Christopher,P. ChristopherP. Christopher
117,BKN,F,"6'10""",234,1/17/1988, Earl  Clark,29.2840520192,Earl,Clark,E. ClarkE. Clark
118,DEN,G,"6'3""",180,3/07/1991, Ian  Clark,26.1492128679,Ian,Clark,I. ClarkI. Clark
119,LAL,PG,"6'5""",185,6/07/1992, Jordan  Clarkson,24.8952772074,Jordan,Clarkson,J. ClarksonJ. Clarkson
120,DEN,G/F,"6'10""",235,8/30/1988, Victor  Claver,28.6652977413,Victor,Claver,V. ClaverV. Claver
121,FA,PG,"6'4""",190,3/16/1991, Justin  Cobbs,26.1245722108,Justin,Cobbs,J. CobbsJ. Cobbs
122,NO,G,"6'2""",175,10/13/1988, Norris  Cole,28.5448323066,Norris,Cole,N. ColeN. Cole
123,FA,F/C,"7'0""",255,12/02/1978, Jason  Collins,38.4093086927,Jason,Collins,J. CollinsJ. Collins
124,SAC,PG,"6'0""",175,8/23/1987, Darren  Collison,29.6865160849,Darren,Collison,D. CollisonD. Collison
125,OKC,F/C,"6'10""",255,10/26/1980, Nick  Collison,36.5092402464,Nick,Collison,N. CollisonN. Collison
126,MEM,PG,"6'1""",175,10/11/1987, Mike  Conley,29.5523613963,Mike,Conley,M. ConleyM. Conley
127,FA,PF,"6'9""",250,12/04/1980, Brian  Cook,36.4024640657,Brian,Cook,B. CookB. Cook
128,UTA,F/C,"6'10""",250,4/04/1991, Jack  Cooley,26.0725530459,Jack,Cooley,J. CooleyJ. Cooley
129,IND,F,"6'8""",230,3/17/1984, Chris  Copeland,33.1197809719,Chris,Copeland,C. CopelandC. Copeland
130,UTA,PG,"6'1""",165,8/11/1992, Bryce  Cotton,24.7173169062,Bryce,Cotton,B. CottonB. Cotton
131,SAC,F/C,"6'11""",270,8/13/1990, DeMarcus  Cousins,26.71321013,DeMarcus,Cousins,D. CousinsD. Cousins
132,PHI,G/F,"6'9""",215,12/14/1990, Robert  Covington,26.3764544832,Robert,Covington,R. CovingtonR. Covington
133,POR,SG,"6'6""",205,4/09/1992, Allen  Crabbe,25.0568104038,Allen,Crabbe,A. CrabbeA. Crabbe
134,FA,PG,"6'2""",195,2/12/1991, Aaron  Craft,26.212183436,Aaron,Craft,A. CraftA. Craft
135,FA,SG,"6'4""",222,9/30/1992, Chris  Crawford,24.5804243669,Chris,Crawford,C. CrawfordC. Crawford
136,FA,SG,"6'5""",209,10/18/1990, Drew  Crawford,26.5325119781,Drew,Crawford,D. CrawfordD. Crawford
137,LAC,G/F,"6'5""",195,3/20/1980, Jamal  Crawford,37.1115674196,Jamal,Crawford,J. CrawfordJ. Crawford
138,FA,G,"6'4""",195,10/23/1988, Jordan  Crawford,28.5174537988,Jordan,Crawford,J. CrawfordJ. Crawford
139,BOS,F,"6'6""",228,7/06/1990, Jae  Crowder,26.81724846,Jae,Crowder,J. CrowderJ. Crowder
140,NO,F,"6'8""",221,4/22/1987, Dante  Cunningham,30.0232717317,Dante,Cunningham,D. CunninghamD. Cunningham
141,PHI,G,"6'4""",195,5/22/1991, Jared  Cunningham,25.9411362081,Jared,Cunningham,J. CunninghamJ. Cunningham
142,PHX,PG,"6'2""",185,8/23/1990, Seth  Curry,26.6858316222,Seth,Curry,S. CurryS. Curry
143,GS,G,"6'3""",190,3/14/1988, Stephen  Curry,29.1279945243,Stephen,Curry,S. CurryS. Curry
144,NY,C,"6'11""",250,5/10/1981, Samuel  Dalembert,35.9726214921,Samuel,Dalembert,S. DalembertS. Dalembert
145,FA,SG,"6'8""",195,4/13/1993, Nemanja  Dangubic,24.0465434634,Nemanja,Dangubic,N. DangubicN. Dangubic
146,FA,SF,"6'9""",195,4/15/1992, DeAndre  Daniels,25.0403832991,DeAndre,Daniels,D. DanielsD. Daniels
147,CHA,PG,"6'4""",200,7/15/1991, Troy  Daniels,25.7932922656,Troy,Daniels,T. DanielsT. Daniels
148,BOS,G/F,"6'8""",215,11/27/1987, Luigi  Datome,29.4236824093,Luigi,Datome,L. DatomeL. Datome
149,BKN,PF,"6'10""",240,7/25/1991, Brandon  Davies,25.7659137577,Brandon,Davies,B. DaviesB. Davies
150,NO,F/C,"6'10""",220,3/11/1993, Anthony  Davis,24.1368925394,Anthony,Davis,A. DavisA. Davis
151,LAL,F/C,"6'10""",240,6/05/1989, Ed  Davis,27.9014373717,Ed,Davis,E. DavisE. Davis
152,LAC,F/C,"6'9""",289,1/01/1986, Glen  Davis,31.3264887064,Glen,Davis,G. DavisG. Davis
153,FA,PF,"6'8""",215,1/22/1991, Josh  Davis,26.2696783025,Josh,Davis,J. DavisJ. Davis
154,BOS,SG,"6'4""",206,9/19/1991, Andre  Dawkins,25.6125941136,Andre,Dawkins,A. DawkinsA. Dawkins
155,ATL,F,"6'11""",220,6/05/1988, Austin  Daye,28.900752909,Austin,Daye,A. DayeA. Daye
156,FA,G,"6'5""",190,6/23/1987, Nando  De Colo,29.8535249829,Nando,De Colo,N. De ColoN. De Colo
157,ORL,C,"7'0""",245,8/12/1989, Dewayne  Dedmon,27.7152635181,Dewayne,Dedmon,D. DedmonD. Dedmon
158,FA,G/F,"6'6""",220,8/29/1982, Carlos  Delfino,34.6694045175,Carlos,Delfino,C. DelfinoC. Delfino
159,CLE,G,"6'4""",200,9/08/1990, Matthew  Dellavedova,26.6420260096,Matthew,Dellavedova,M. DellavedovaM. Dellavedova
160,MIA,F,"6'9""",220,4/16/1985, Luol  Deng,32.038329911,Luol,Deng,L. DengL. Deng
161,TOR,G/F,"6'7""",220,8/07/1989, DeMar  DeRozan,27.7289527721,DeMar,DeRozan,D. DeRozanD. DeRozan
162,SA,F/C,"6'8""",250,4/16/1982, Boris  Diaw,35.0390143737,Boris,Diaw,B. DiawB. Diaw
163,MIN,F/C,"6'11""",233,1/18/1990, Gorgui  Dieng,27.279945243,Gorgui,Dieng,G. DiengG. Dieng
164,DET,PG,"6'6""",200,4/06/1993, Spencer  Dinwiddie,24.0657084189,Spencer,Dinwiddie,S. DinwiddieS. Dinwiddie
165,HOU,F/C,"6'8""",268,12/16/1983, Joey  Dorsey,33.3716632444,Joey,Dorsey,J. DorseyJ. Dorsey
166,NO,G,"6'2""",190,3/16/1986, Toney  Douglas,31.1238877481,Toney,Douglas,T. DouglasT. Douglas
167,BOS,G/F,"6'7""",210,1/08/1987, Chris  Douglas-Roberts,30.3080082136,Chris,Douglas-Roberts,C. Douglas-RobertsC. Douglas-Roberts
168,MIA,G,"6'3""",190,5/06/1986, Goran  Dragic,30.984257358,Goran,Dragic,G. DragicG. Dragic
169,MIA,SG,"6'5""",200,6/22/1989, Zoran  Dragic,27.8548939083,Zoran,Dragic,Z. DragicZ. Dragic
170,FA,PF,"6'9""",222,1/28/1986, Tadija  Dragicevic,31.2525667351,Tadija,Dragicevic,T. DragicevicT. Dragicevic
171,PHI,PG,"6'2""",180,3/05/1990, Larry  Drew II,27.1540041068,Larry,Drew II,L. Drew IIL. Drew II
172,DET,F/C,"6'11""",279,8/10/1993, Andre  Drummond,23.7207392197,Andre,Drummond,A. DrummondA. Drummond
173,MIL,G/F,"6'7""",225,7/10/1985, Jared  Dudley,31.8056125941,Jared,Dudley,J. DudleyJ. Dudley
174,SA,F/C,"6'11""",250,4/25/1976, Tim  Duncan,41.0130047912,Tim,Duncan,T. DuncanT. Duncan
175,CHI,G/F,"6'9""",230,9/15/1980, Mike  Dunleavy,36.6214921287,Mike,Dunleavy,M. DunleavyM. Dunleavy
176,OKC,F,"6'9""",240,9/29/1988, Kevin  Durant,28.5831622177,Kevin,Durant,K. DurantK. Durant
177,NY,SF,"6'8""",219,4/17/1991, Cleanthony  Early,26.0369609856,Cleanthony,Early,C. EarlyC. Early
178,ATL,SG,"6'7""",220,10/30/1991, Jarell  Eddie,25.5003422313,Jarell,Eddie,J. EddieJ. Eddie
179,FA,SF,"6'7""",220,5/31/1987, Shane  Edwards,29.916495551,Shane,Edwards,S. EdwardsS. Edwards
180,LAL,SG,"6'4""",200,11/29/1987, Wayne  Ellington,29.4182067077,Wayne,Ellington,W. EllingtonW. Ellington
181,DAL,G,"6'3""",185,10/26/1985, Monta  Ellis,31.5099247091,Monta,Ellis,M. EllisM. Ellis
182,FA,F/C,"6'10""",260,5/02/1978, Melvin  Ely,38.9952087611,Melvin,Ely,M. ElyM. Ely
183,PHI,C,"7'0""",250,3/16/1994, Joel  Embiid,23.1238877481,Joel,Embiid,J. EmbiidJ. Embiid
184,FA,G,"6'6""",200,9/24/1988, Kim  English,28.5968514716,Kim,English,K. EnglishK. English
185,MIA,G/F,"6'7""",210,7/01/1990, James  Ennis,26.8309377139,James,Ennis,J. EnnisJ. Ennis
186,MIL,PG,"6'0""",175,8/24/1994, Tyler  Ennis,22.6830937714,Tyler,Ennis,T. EnnisT. Ennis
187,FA,F/C,"6'11""",240,6/24/1988, Micheal  Eric,28.848733744,Micheal,Eric,M. EricM. Eric
188,UTA,F,"6'9""",200,10/24/1987, Jeremy  Evans,29.5167693361,Jeremy,Evans,J. EvansJ. Evans
189,SAC,F/C,"6'8""",245,5/18/1980, Reggie  Evans,36.9500342231,Reggie,Evans,R. EvansR. Evans
190,NO,G,"6'6""",220,9/19/1989, Tyreke  Evans,27.6112251882,Tyreke,Evans,T. EvansT. Evans
191,UTA,PG,"6'6""",190,7/13/1995, Dante  Exum,21.7987679671,Dante,Exum,D. ExumD. Exum
192,GS,C,"6'11""",265,10/21/1989, Festus  Ezeli,27.523613963,Festus,Ezeli,F. EzeliF. Ezeli
193,FA,PF,"6'8""",215,9/13/1991, C.J.  Fair,25.6290212183,C.J.,Fair,C. FairC. Fair
194,DEN,F/C,"6'8""",228,11/19/1989, Kenneth  Faried,27.4442162902,Kenneth,Faried,K. FariedK. Faried
195,LAC,PG,"6'2""",180,11/30/1986, Jordan  Farmar,30.4147843943,Jordan,Farmar,J. FarmarJ. Farmar
196,BOS,C,"6'11""",260,5/05/1988, Vitor  Faverani,28.9856262834,Vitor,Faverani,V. FaveraniV. Faverani
197,UTA,F/C,"6'10""",262,7/15/1991, Derrick  Favors,25.7932922656,Derrick,Favors,D. FavorsD. Favors
198,FA,G/F,"6'6""",201,8/17/1990, Carrick  Felix,26.7022587269,Carrick,Felix,C. FelixC. Felix
199,DAL,G,"6'1""",205,6/26/1984, Raymond  Felton,32.8432580424,Raymond,Felton,R. FeltonR. Felton
200,FA,C,"7'1""",280,12/24/1986, Kyrylo  Fesenko,30.3490759754,Kyrylo,Fesenko,K. FesenkoK. Fesenko
201,TOR,G/F,"6'7""",215,6/27/1988, Landry  Fields,28.8405201916,Landry,Fields,L. FieldsL. Fields
202,FA,PG,"6'1""",210,8/09/1974, Derek  Fisher,42.7241615332,Derek,Fisher,D. FisherD. Fisher
203,ORL,SG,"6'7""",205,10/29/1992, Evan  Fournier,24.501026694,Evan,Fournier,E. FournierE. Fournier
204,DEN,G,"6'4""",213,9/24/1983, Randy  Foye,33.5989048597,Randy,Foye,R. FoyeR. Foye
205,DEN,G/F,"6'5""",191,7/21/1991, Jamaal  Franklin,25.7768651608,Jamaal,Franklin,J. FranklinJ. Franklin
206,POR,PG,"6'1""",170,11/01/1990, Tim  Frazier,26.4941820671,Tim,Frazier,T. FrazierT. Frazier
207,NO,G,"6'2""",195,2/25/1989, Jimmer  Fredette,28.1752224504,Jimmer,Fredette,J. FredetteJ. Fredette
208,POR,F/C,"6'11""",255,2/07/1987, Joel  Freeland,30.2258726899,Joel,Freeland,J. FreelandJ. Freeland
209,ORL,F/C,"6'11""",255,5/17/1983, Channing  Frye,33.954825462,Channing,Frye,C. FryeC. Frye
210,DEN,SF,"6'10""",225,8/08/1988, Danilo  Gallinari,28.7255304586,Danilo,Gallinari,D. GallinariD. Gallinari
211,NY,G,"6'2""",202,12/09/1991, Langston  Galloway,25.3908281999,Langston,Galloway,L. GallowayL. Galloway
212,HOU,G/F,"6'7""",195,12/31/1981, Francisco  Garcia,35.3292265572,Francisco,Garcia,F. GarciaF. Garcia
213,MIN,F/C,"6'11""",253,5/19/1976, Kevin  Garnett,40.9472963723,Kevin,Garnett,K. GarnettK. Garnett
214,FA,G,"6'4""",190,11/03/1988, Diante  Garrett,28.4873374401,Diante,Garrett,D. GarrettD. Garrett
215,MEM,C,"7'1""",265,1/29/1985, Marc  Gasol,32.2491444216,Marc,Gasol,M. GasolM. Gasol
216,CHI,F/C,"7'0""",250,7/06/1980, Pau  Gasol,36.8158795346,Pau,Gasol,P. GasolP. Gasol
217,SAC,F,"6'8""",230,8/17/1986, Rudy  Gay,30.7022587269,Rudy,Gay,R. GayR. Gay
218,POR,G/F,"6'6""",219,5/29/1987, Alonzo  Gee,29.9219712526,Alonzo,Gee,A. GeeA. Gee
219,FA,SF,"6'7""",230,11/12/1992, Alessandro  Gentile,24.462696783,Alessandro,Gentile,A. GentileA. Gentile
220,IND,G/F,"6'9""",225,5/02/1990, Paul  George,26.9952087611,Paul,George,P. GeorgeP. George
221,CHI,F/C,"6'9""",225,6/24/1985, Taj  Gibson,31.8494182067,Taj,Gibson,T. GibsonT. Gibson
222,SA,G/F,"6'6""",205,7/28/1977, Manu  Ginobili,39.7563312799,Manu,Ginobili,M. GinobiliM. Ginobili
223,UTA,C,"7'1""",245,6/26/1992, Rudy  Gobert,24.8432580424,Rudy,Gobert,R. GobertR. Gobert
224,WSH,F/C,"6'10""",250,9/24/1981, Drew  Gooden,35.5975359343,Drew,Gooden,D. GoodenD. Gooden
225,PHX,G,"6'5""",200,8/17/1994, Archie  Goodwin,22.7022587269,Archie,Goodwin,A. GoodwinA. Goodwin
226,ORL,PF,"6'9""",220,9/16/1995, Aaron  Gordon,21.620807666,Aaron,Gordon,A. GordonA. Gordon
227,ORL,SG,"6'3""",205,4/04/1983, Ben  Gordon,34.0725530459,Ben,Gordon,B. GordonB. Gordon
228,PHI,PF,"6'9""",245,7/12/1990, Drew  Gordon,26.8008213552,Drew,Gordon,D. GordonD. Gordon
229,NO,SG,"6'4""",215,12/25/1988, Eric  Gordon,28.3449691992,Eric,Gordon,E. GordonE. Gordon
230,WSH,C,"6'11""",240,2/17/1984, Marcin  Gortat,33.1991786448,Marcin,Gortat,M. GortatM. Gortat
231,PHX,SF,"6'9""",222,4/20/1983, Danny  Granger,34.0287474333,Danny,Granger,D. GrangerD. Granger
232,PHI,F,"6'8""",210,3/12/1994, Jerami  Grant,23.1348391513,Jerami,Grant,J. GrantJ. Grant
233,FA,C,"7'0""",270,12/07/1984, Aaron  Gray,32.3942505133,Aaron,Gray,A. GrayA. Gray
234,SA,G/F,"6'6""",210,6/22/1987, Danny  Green,29.8562628337,Danny,Green,D. GreenD. Green
235,GS,F,"6'7""",230,3/04/1990, Draymond  Green,27.1567419576,Draymond,Green,D. GreenD. Green
236,DEN,G,"6'4""",184,5/09/1991, Erick  Green,25.9767282683,Erick,Green,E. GreenE. Green
237,PHX,G/F,"6'8""",205,1/26/1986, Gerald  Green,31.2580424367,Gerald,Green,G. GreenG. Green
238,MEM,PF,"6'8""",240,6/21/1990, JaMychal  Green,26.8583162218,JaMychal,Green,J. GreenJ. Green
239,MEM,G/F,"6'9""",235,8/28/1986, Jeff  Green,30.6721423682,Jeff,Green,J. GreenJ. Green
240,ORL,SG,"6'3""",205,7/28/1981, Willie  Green,35.7563312799,Willie,Green,W. GreenW. Green
241,LAC,F/C,"6'10""",251,3/16/1989, Blake  Griffin,28.1232032854,Blake,Griffin,B. GriffinB. Griffin
242,FA,SF,"6'8""",205,5/26/1990, Eric  Griffin,26.9295003422,Eric,Griffin,E. GriffinE. Griffin
243,MIL,PG,"6'3""",195,12/27/1988, Jorge  Gutierrez,28.3394934976,Jorge,Gutierrez,J. GutierrezJ. Gutierrez
244,CHA,G/F,"6'6""",220,12/24/1992, P.J.  Hairston,24.34770705,P.J.,Hairston,P. HairstonP. Hairston
245,LAC,SF,"6'7""",220,10/06/1990, Jordan  Hamilton,26.5653661875,Jordan,Hamilton,J. HamiltonJ. Hamilton
246,MIN,F/C,"7'0""",255,4/01/1990, Justin  Hamilton,27.0800821355,Justin,Hamilton,J. HamiltonJ. Hamilton
247,FA,SG,"6'6""",200,1/30/1990, Luke  Hancock,27.2470910335,Luke,Hancock,L. HancockL. Hancock
248,FA,G,"6'3""",203,12/23/1987, Ben  Hansbrough,29.3524982888,Ben,Hansbrough,B. HansbroughB. Hansbrough
249,TOR,F/C,"6'9""",250,11/03/1985, Tyler  Hansbrough,31.4880219028,Tyler,Hansbrough,T. HansbroughT. Hansbrough
250,NY,G/F,"6'6""",205,3/16/1992, Tim  Hardaway Jr.,25.1225188227,Tim,Hardaway Jr.,T. Hardaway Jr.T. Hardaway Jr.
251,HOU,G/F,"6'5""",220,8/26/1989, James  Harden,27.6769336071,James,Harden,J. HardenJ. Harden
252,ORL,SF,"6'9""",215,5/11/1993, Maurice  Harkless,23.9698836413,Maurice,Harkless,M. HarklessM. Harkless
253,FA,F/C,"6'10""",275,2/12/1989, Josh  Harrellson,28.2108145106,Josh,Harrellson,J. HarrellsonJ. Harrellson
254,FA,F/C,"6'9""",260,2/17/1980, Al  Harrington,37.1991786448,Al,Harrington,A. HarringtonA. Harrington
255,DAL,G,"6'3""",185,2/27/1983, Devin  Harris,34.1711156742,Devin,Harris,D. HarrisD. Harris
256,DEN,SG,"6'4""",210,9/14/1994, Gary  Harris,22.6255989049,Gary,Harris,G. HarrisG. Harris
257,CLE,SG,"6'6""",225,9/07/1991, Joe  Harris,25.6454483231,Joe,Harris,J. HarrisJ. Harris
258,ORL,F,"6'9""",235,7/15/1992, Tobias  Harris,24.7912388775,Tobias,Harris,T. HarrisT. Harris
259,MIA,PF,"6'8""",235,6/09/1980, Udonis  Haslem,36.8898015058,Udonis,Haslem,U. HaslemU. Haslem
260,CHA,F/C,"7'1""",245,4/28/1988, Spencer  Hawes,29.0047912389,Spencer,Hawes,S. HawesS. Hawes
261,TOR,F/C,"6'6""",242,6/11/1983, Chuck  Hayes,33.8863791923,Chuck,Hayes,C. HayesC. Hayes
262,UTA,G/F,"6'8""",225,3/23/1990, Gordon  Hayward,27.1047227926,Gordon,Hayward,G. HaywardG. Hayward
263,CLE,C,"7'0""",263,11/27/1979, Brendan  Haywood,37.4236824093,Brendan,Haywood,B. HaywoodB. Haywood
264,CHA,G/F,"6'5""",215,12/09/1987, Gerald  Henderson,29.3908281999,Gerald,Henderson,G. HendersonG. Henderson
265,LAL,G/F,"6'6""",220,3/15/1991, Xavier  Henry,26.1273100616,Xavier,Henry,X. HenryX. Henry
266,MIL,F/C,"6'11""",230,12/28/1990, John  Henson,26.3381245722,John,Henson,J. HensonJ. Henson
267,FA,PG,"6'2""",180,6/19/1990, Brady  Heslip,26.8637919233,Brady,Heslip,B. HeslipB. Heslip
268,IND,C,"7'2""",275,12/11/1986, Roy  Hibbert,30.3846680356,Roy,Hibbert,R. HibbertR. Hibbert
269,DEN,F/C,"6'9""",242,9/04/1988, J.J.  Hickson,28.6516084873,J.J.,Hickson,J. HicksonJ. Hickson
270,WSH,F/C,"6'11""",250,9/13/1982, Nene  Hilario,34.6283367556,Nene,Hilario,N. HilarioN. Hilario
271,IND,G,"6'3""",192,5/04/1986, George  Hill,30.9897330595,George,Hill,G. HillG. Hill
272,LAL,F/C,"6'10""",235,7/27/1987, Jordan  Hill,29.7604380561,Jordan,Hill,J. HillJ. Hill
273,IND,G/F,"6'7""",225,3/18/1991, Solomon  Hill,26.1190965092,Solomon,Hill,S. HillS. Hill
274,CHI,G,"6'4""",190,1/02/1981, Kirk  Hinrich,36.3230663929,Kirk,Hinrich,K. HinrichK. Hinrich
275,NO,PG,"6'4""",205,6/12/1990, Jrue  Holiday,26.8829568789,Jrue,Holiday,J. HolidayJ. Holiday
276,GS,G/F,"6'6""",185,4/05/1989, Justin  Holiday,28.0684462697,Justin,Holiday,J. HolidayJ. Holiday
277,FA,SG,"6'5""",205,11/06/1988, John  Holland,28.4791238877,John,Holland,J. HollandJ. Holland
278,SAC,C,"7'0""",240,10/10/1984, Ryan  Hollins,32.553045859,Ryan,Hollins,R. HollinsR. Hollins
279,FA,SG,"6'4""",195,12/06/1991, Stephen  Holt,25.3990417522,Stephen,Holt,S. HoltS. Holt
280,UTA,G/F,"6'8""",215,10/20/1992, Rodney  Hood,24.5256673511,Rodney,Hood,R. HoodR. Hood
281,FA,SG,"6'7""",200,8/08/1989, Scotty  Hopson,27.7262149213,Scotty,Hopson,S. HopsonS. Hopson
282,ATL,F/C,"6'10""",245,6/03/1986, Al  Horford,30.9075975359,Al,Horford,A. HorfordA. Horford
283,HOU,F/C,"6'11""",265,12/08/1985, Dwight  Howard,31.3921971253,Dwight,Howard,D. HowardD. Howard
284,LAC,G,"6'3""",190,8/07/1984, Lester  Hudson,32.7282683094,Lester,Hudson,L. HudsonL. Hudson
285,FA,SF,"6'7""",230,12/19/1991, Josh  Huestis,25.363449692,Josh,Huestis,J. HuestisJ. Huestis
286,MIN,F,"6'8""",220,3/08/1989, Robbie  Hummel,28.1451060917,Robbie,Hummel,R. HummelR. Hummel
287,WSH,F/C,"6'9""",235,2/06/1985, Kris  Humphries,32.2272416153,Kris,Humphries,K. HumphriesK. Humphries
288,OKC,F/C,"6'10""",245,9/18/1989, Serge  Ibaka,27.613963039,Serge,Ibaka,S. IbakaS. Ibaka
289,GS,G/F,"6'6""",215,1/28/1984, Andre  Iguodala,33.2539356605,Andre,Iguodala,A. IguodalaA. Iguodala
290,DET,F,"6'10""",235,5/15/1987, Ersan  Ilyasova,29.9603011636,Ersan,Ilyasova,E. IlyasovaE. Ilyasova
291,UTA,G/F,"6'8""",209,10/02/1987, Joe  Ingles,29.5770020534,Joe,Ingles,J. InglesJ. Ingles
292,MIL,SF,"6'8""",225,5/20/1995, Damien  Inglis,21.9466119097,Damien,Inglis,D. InglisD. Inglis
293,CLE,G,"6'3""",193,3/23/1992, Kyrie  Irving,25.1033538672,Kyrie,Irving,K. IrvingK. Irving
294,BKN,G,"6'3""",200,10/28/1983, Jarrett  Jack,33.5058179329,Jarrett,Jack,J. JackJ. Jack
295,FA,PG,"6'1""",174,2/08/1992, Joe  Jackson,25.2238193018,Joe,Jackson,J. JacksonJ. Jackson
296,DET,G,"6'3""",208,4/16/1990, Reggie  Jackson,27.0390143737,Reggie,Jackson,R. JacksonR. Jackson
297,DAL,F/C,"6'10""",230,2/07/1985, Bernard  James,32.2245037645,Bernard,James,B. JamesB. James
298,FA,SF,"6'7""",225,10/07/1987, Damion  James,29.5633127995,Damion,James,D. JamesD. James
299,CLE,F,"6'8""",250,12/30/1984, LeBron  James,32.3312799452,LeBron,James,L. JamesL. James
300,FA,PG,"6'2""",188,6/23/1975, Mike  James,41.8535249829,Mike,James,M. JamesM. James
301,FA,G/F,"6'5""",210,8/05/1985, Othyus  Jeffers,31.7344284736,Othyus,Jeffers,O. JeffersO. Jeffers
302,CHA,F/C,"6'10""",289,1/04/1985, Al  Jefferson,32.3175906913,Al,Jefferson,A. JeffersonA. Jefferson
303,BKN,PF,"6'9""",218,12/26/1990, Cory  Jefferson,26.3436002738,Cory,Jefferson,C. JeffersonC. Jefferson
304,DAL,SF,"6'7""",230,6/21/1980, Richard  Jefferson,36.8569472964,Richard,Jefferson,R. JeffersonR. Jefferson
305,ATL,G/F,"6'4""",202,3/06/1991, John  Jenkins,26.1519507187,John,Jenkins,J. JenkinsJ. Jenkins
306,FA,PG,"6'3""",195,9/06/1986, Michael  Jenkins,30.6475017112,Michael,Jenkins,M. JenkinsM. Jenkins
307,DET,PG,"6'1""",169,9/23/1989, Brandon  Jennings,27.6002737851,Brandon,Jennings,B. JenningsB. Jennings
308,BOS,F,"6'10""",231,3/02/1987, Jonas  Jerebko,30.1629021218,Jonas,Jerebko,J. JerebkoJ. Jerebko
309,UTA,PF,"6'10""",232,7/08/1993, Grant  Jerrett,23.8110882957,Grant,Jerrett,G. JerrettG. Jerrett
310,TOR,F/C,"6'9""",210,5/01/1987, Amir  Johnson,29.9986310746,Amir,Johnson,A. JohnsonA. Johnson
311,FA,C,"7'0""",235,7/17/1985, Chris  Johnson,31.7864476386,Chris,Johnson,C. JohnsonC. Johnson
312,UTA,F,"6'6""",201,4/29/1990, Chris  Johnson,27.0034223135,Chris,Johnson,C. JohnsonC. Johnson
313,FA,SG,"6'3""",203,8/09/1992, Geron  Johnson,24.7227926078,Geron,Johnson,G. JohnsonG. Johnson
314,FA,F/C,"6'8""",255,4/10/1984, Ivan  Johnson,33.054072553,Ivan,Johnson,I. JohnsonI. Johnson
315,TOR,F,"6'9""",250,2/20/1987, James  Johnson,30.1902806297,James,Johnson,J. JohnsonJ. Johnson
316,BKN,G/F,"6'7""",240,6/29/1981, Joe  Johnson,35.8357289528,Joe,Johnson,J. JohnsonJ. Johnson
317,HOU,SG,"6'3""",200,12/22/1992, Nick  Johnson,24.3531827515,Nick,Johnson,N. JohnsonN. Johnson
318,FA,SG,"6'5""",215,8/30/1984, Trey  Johnson,32.6652977413,Trey,Johnson,T. JohnsonT. Johnson
319,MIA,SG,"6'3""",190,5/07/1992, Tyler  Johnson,24.9801505818,Tyler,Johnson,T. JohnsonT. Johnson
320,LAL,G/F,"6'7""",215,7/11/1987, Wesley  Johnson,29.8042436687,Wesley,Johnson,W. JohnsonW. Johnson
321,FA,C,"6'11""",253,2/19/1995, Nikola  Jokic,22.1930184805,Nikola,Jokic,N. JokicN. Jokic
322,LAC,G/F,"6'6""",225,12/27/1980, Dahntay  Jones,36.3394934976,Dahntay,Jones,D. JonesD. Jones
323,CLE,G/F,"6'8""",215,10/04/1980, James  Jones,36.5694729637,James,Jones,J. JonesJ. Jones
324,FA,F,"6'8""",260,8/25/1989, Kevin  Jones,27.6796714579,Kevin,Jones,K. JonesK. Jones
325,OKC,F,"6'11""",235,9/24/1991, Perry  Jones,25.5989048597,Perry,Jones,P. JonesP. Jones
326,FA,PF,"6'8""",236,3/25/1992, Shawn  Jones,25.0978781656,Shawn,Jones,S. JonesS. Jones
327,FA,F/C,"6'10""",235,7/16/1984, Solomon  Jones,32.7885010267,Solomon,Jones,S. JonesS. Jones
328,HOU,F,"6'9""",252,1/09/1992, Terrence  Jones,25.3059548255,Terrence,Jones,T. JonesT. Jones
329,LAC,C,"6'11""",265,7/21/1988, DeAndre  Jordan,28.7748117728,DeAndre,Jordan,D. JordanD. Jordan
330,BKN,C,"7'0""",253,9/29/1986, Jerome  Jordan,30.5845311431,Jerome,Jordan,J. JordanJ. Jordan
331,SA,PG,"6'3""",185,8/20/1991, Cory  Joseph,25.6947296372,Cory,Joseph,C. JosephC. Joseph
332,POR,F/C,"7'0""",265,4/28/1982, Chris  Kaman,35.0061601643,Chris,Kaman,C. KamanC. Kaman
333,OKC,C,"6'11""",245,5/20/1992, Enes  Kanter,24.9445585216,Enes,Kanter,E. KanterE. Kanter
334,FA,G/F,"6'8""",215,2/04/1981, Jason  Kapono,36.2327173169,Jason,Kapono,J. KaponoJ. Kapono
335,FA,SF,"6'9""",236,5/13/1990, Ilkan  Karaman,26.9650924025,Ilkan,Karaman,I. KaramanI. Karaman
336,BKN,G/F,"6'7""",208,10/26/1993, Sergey  Karasev,23.5099247091,Sergey,Karasev,S. KarasevS. Karasev
337,LAL,F,"6'11""",230,4/09/1991, Ryan  Kelly,26.0588637919,Ryan,Kelly,R. KellyR. Kelly
338,CHA,SF,"6'7""",232,9/26/1993, Michael  Kidd-Gilchrist,23.5920602327,Michael,Kidd-Gilchrist,M. Kidd-GilchristM. Kidd-Gilchrist
339,MIN,SG,"6'4""",210,1/06/1990, Sean  Kilpatrick,27.3127994524,Sean,Kilpatrick,S. KilpatrickS. Kilpatrick
340,PHI,F,"6'9""",235,2/18/1981, Andrei  Kirilenko,36.1943874059,Andrei,Kirilenko,A. KirilenkoA. Kirilenko
341,NY,C,"7'0""",245,11/14/1991, Alex  Kirk,25.4592744695,Alex,Kirk,A. KirkA. Kirk
342,PHX,G,"6'3""",189,12/02/1991, Brandon  Knight,25.4099931554,Brandon,Knight,B. KnightB. Knight
343,ATL,G/F,"6'7""",212,3/17/1981, Kyle  Korver,36.1204654346,Kyle,Korver,K. KorverK. Korver
344,MEM,F/C,"7'0""",265,2/24/1989, Kosta  Koufos,28.1779603012,Kosta,Koufos,K. KoufosK. Koufos
345,GS,C,"7'0""",251,5/16/1990, Ognjen  Kuzmic,26.9568788501,Ognjen,Kuzmic,O. KuzmicO. Kuzmic
346,FA,PF,"6'10""",200,2/11/1992, Louis  Labeyrie,25.2156057495,Louis,Labeyrie,L. LabeyrieL. Labeyrie
347,FA,SG,"6'4""",200,11/06/1991, Doron  Lamb,25.4811772758,Doron,Lamb,D. LambD. Lamb
348,OKC,G/F,"6'5""",185,5/30/1992, Jeremy  Lamb,24.9171800137,Jeremy,Lamb,J. LambJ. Lamb
349,SAC,F,"6'9""",248,9/19/1983, Carl  Landry,33.6125941136,Carl,Landry,C. LandryC. Landry
350,NY,PG,"5'11""",176,10/02/1992, Shane  Larkin,24.5749486653,Shane,Larkin,S. LarkinS. Larkin
351,FA,F,"6'8""",260,9/11/1988, Dallas  Lauderdale,28.6324435318,Dallas,Lauderdale,D. LauderdaleD. Lauderdale
352,DEN,F/C,"6'11""",220,9/30/1991, Joffrey  Lauvergne,25.582477755,Joffrey,Lauvergne,J. LauvergneJ. Lauvergne
353,MIN,PG,"6'5""",183,3/10/1995, Zach  LaVine,22.1409993155,Zach,LaVine,Z. LaVineZ. LaVine
354,DEN,PG,"5'11""",195,11/03/1987, Ty  Lawson,29.4893908282,Ty,Lawson,T. LawsonT. Lawson
355,NY,SG,"6'7""",200,9/10/1992, Ricky  Ledo,24.6351813826,Ricky,Ledo,R. LedoR. Ledo
356,MEM,G/F,"6'5""",200,10/03/1985, Courtney  Lee,31.5728952772,Courtney,Lee,C. LeeC. Lee
357,GS,F/C,"6'9""",245,4/29/1983, David  Lee,34.0041067762,David,Lee,D. LeeD. Lee
358,PHI,SG,"6'6""",200,5/22/1990, Malcolm  Lee,26.9404517454,Malcolm,Lee,M. LeeM. Lee
359,PHX,C,"7'1""",260,6/16/1993, Alex  Len,23.871321013,Alex,Len,A. LenA. Len
360,SA,G/F,"6'7""",230,6/29/1991, Kawhi  Leonard,25.8370978782,Kawhi,Leonard,K. LeonardK. Leonard
361,POR,F/C,"7'1""",255,2/27/1992, Meyers  Leonard,25.1718001369,Meyers,Leonard,M. LeonardM. Leonard
362,MEM,F/C,"6'10""",228,5/14/1989, Jon  Leuer,27.961670089,Jon,Leuer,J. LeuerJ. Leuer
363,FA,F,"6'10""",235,8/08/1979, Rashard  Lewis,37.7275838467,Rashard,Lewis,R. LewisR. Lewis
364,POR,PG,"6'3""",195,7/15/1990, Damian  Lillard,26.7926078029,Damian,Lillard,D. LillardD. Lillard
365,LAL,G,"6'3""",200,8/23/1988, Jeremy  Lin,28.6844626968,Jeremy,Lin,J. LinJ. Lin
366,GS,G,"6'7""",182,9/11/1985, Shaun  Livingston,31.6331279945,Shaun,Livingston,S. LivingstonS. Livingston
367,BKN,C,"7'0""",275,4/01/1988, Brook  Lopez,29.0787132101,Brook,Lopez,B. LopezB. Lopez
368,POR,C,"7'0""",265,4/01/1988, Robin  Lopez,29.0787132101,Robin,Lopez,R. LopezR. Lopez
369,CLE,F/C,"6'10""",243,9/07/1988, Kevin  Love,28.643394935,Kevin,Love,K. LoveK. Love
370,TOR,PG,"6'0""",205,3/25/1986, Kyle  Lowry,31.099247091,Kyle,Lowry,K. LowryK. Lowry
371,MEM,PG,"6'1""",195,5/24/1989, Kalin  Lucas,27.9342915811,Kalin,Lucas,K. LucasK. Lucas
372,DET,PG,"5'11""",166,11/21/1982, John  Lucas III,34.4394250513,John,Lucas III,J. Lucas IIIJ. Lucas III
373,ATL,PG,"6'3""",203,4/22/1990, Shelvin  Mack,27.022587269,Shelvin,Mack,S. MackS. Mack
374,FA,PF,"6'10""",227,9/25/1987, Vernon  Macklin,29.5961670089,Vernon,Macklin,V. MacklinV. Macklin
375,FA,PF,"6'9""",210,3/19/1991, Chukwudiebere  Maduabum,26.1163586585,Chukwudiebere,Maduabum,C. MaduabumC. Maduabum
376,IND,C,"6'11""",255,11/05/1986, Ian  Mahinmi,30.4832306639,Ian,Mahinmi,I. MahinmiI. Mahinmi
377,ORL,G/F,"6'6""",200,9/21/1992, Devyn  Marble,24.605065024,Devyn,Marble,D. MarbleD. Marble
378,CLE,G/F,"6'7""",228,5/07/1978, Shawn  Marion,38.9815195072,Shawn,Marion,S. MarionS. Marion
379,PHX,PG,"6'4""",200,8/19/1991, Kendall  Marshall,25.697467488,Kendall,Marshall,K. MarshallK. Marshall
380,DET,G/F,"6'7""",220,11/20/1984, Cartier  Martin,32.4407939767,Cartier,Martin,C. MartinC. Martin
381,MIL,F/C,"6'9""",225,12/30/1977, Kenyon  Martin,39.3319644079,Kenyon,Martin,K. MartinK. Martin
382,MIN,G/F,"6'7""",204,2/01/1983, Kevin  Martin,34.2422997947,Kevin,Martin,K. MartinK. Martin
383,POR,G/F,"6'5""",214,10/14/1986, Wesley  Matthews,30.5434633812,Wesley,Matthews,W. MatthewsW. Matthews
384,CHA,F/C,"6'7""",260,2/18/1983, Jason  Maxiell,34.1957563313,Jason,Maxiell,J. MaxiellJ. Maxiell
385,MIL,G,"6'5""",200,11/05/1987, O.J.  Mayo,29.4839151266,O.J.,Mayo,O. MayoO. Mayo
386,PHI,F,"6'8""",230,9/09/1986, Luc Richard  Mbah a Moute,30.6392881588,Luc, Mbah a Moute,L.  Mbah a MouteL.  Mbah a Moute
387,FA,C,"7'0""",255,12/30/1980, DJ  Mbenga,36.3312799452,DJ,Mbenga,D. MbengaD. Mbenga
388,GS,PF,"6'9""",230,1/04/1993, James Michael  McAdoo,24.3175906913,James, McAdoo,J.  McAdooJ.  McAdoo
389,SAC,PG,"6'3""",190,6/12/1991, Ray  McCallum,25.8836413415,Ray,McCallum,R. McCallumR. McCallum
390,POR,G,"6'3""",190,9/19/1991, C.J.  McCollum,25.6125941136,C.J.,McCollum,C. McCollumC. McCollum
391,HOU,SF,"6'6""",200,2/09/1993, K.J.  McDaniels,24.219028063,K.J.,McDaniels,K. McDanielsK. McDaniels
392,CHI,SF,"6'8""",225,1/03/1992, Doug  McDermott,25.3223819302,Doug,McDermott,D. McDermottD. McDermott
393,OKC,F/C,"6'10""",255,6/06/1992, Mitch  McGary,24.8980150582,Mitch,McGary,M. McGaryM. McGary
394,PHI,C,"7'0""",252,1/19/1988, JaVale  McGee,29.2785763176,JaVale,McGee,J. McGeeJ. McGee
395,FA,SG,"6'4""",205,7/29/1991, Rodney  McGruder,25.7549623546,Rodney,McGruder,R. McGruderR. McGruder
396,SAC,SG,"6'5""",195,2/11/1993, Ben  McLemore,24.2135523614,Ben,McLemore,B. McLemoreB. McLemore
397,PHX,G,"6'3""",196,6/01/1987, Jerel  McNeal,29.9137577002,Jerel,McNeal,J. McNealJ. McNeal
398,FA,SG,"6'6""",185,3/28/1991, Jordan  McRae,26.0917180014,Jordan,McRae,J. McRaeJ. McRae
399,MIA,F/C,"6'10""",240,2/28/1987, Josh  McRoberts,30.1683778234,Josh,McRoberts,J. McRobertsJ. McRoberts
400,DET,SG,"6'4""",210,8/21/1987, Jodie  Meeks,29.6919917864,Jodie,Meeks,J. MeeksJ. Meeks
401,NO,G,"6'3""",202,3/04/1988, Gal  Mekel,29.1553730322,Gal,Mekel,G. MekelG. Mekel
402,FA,F,"6'9""",235,9/07/1983, Pops  Mensah-Bonsu,33.6454483231,Pops,Mensah-Bonsu,P. Mensah-BonsuP. Mensah-Bonsu
403,FA,PG,"6'6""",202,1/13/1994, Vasilije  Micic,23.2936344969,Vasilije,Micic,V. MicicV. Micic
404,MIL,G/F,"6'7""",225,8/12/1991, Khris  Middleton,25.7166324435,Khris,Middleton,K. MiddletonK. Middleton
405,IND,G/F,"6'6""",225,3/18/1987, C.J.  Miles,30.1190965092,C.J.,Miles,C. MilesC. Miles
406,SAC,G,"6'2""",200,3/19/1976, Andre  Miller,41.1143052704,Andre,Miller,A. MillerA. Miller
407,NO,G/F,"6'8""",225,3/21/1990, Darius  Miller,27.1101984942,Darius,Miller,D. MillerD. Miller
408,CLE,G/F,"6'8""",218,2/19/1980, Mike  Miller,37.1937029432,Mike,Miller,M. MillerM. Miller
409,DET,SF,"6'10""",220,11/18/1992, Quincy  Miller,24.4462696783,Quincy,Miller,Q. MillerQ. Miller
410,SA,PG,"6'0""",180,8/11/1988, Patty  Mills,28.7173169062,Patty,Mills,P. MillsP. Mills
411,UTA,G/F,"6'6""",210,8/12/1987, Elijah  Millsap,29.7166324435,Elijah,Millsap,E. MillsapE. Millsap
412,ATL,F/C,"6'8""",246,2/10/1985, Paul  Millsap,32.2162902122,Paul,Millsap,P. MillsapP. Millsap
413,CHI,F,"6'10""",220,2/11/1991, Nikola  Mirotic,26.2149212868,Nikola,Mirotic,N. MiroticN. Mirotic
414,FA,PF,"6'8""",235,6/26/1992, Akil  Mitchell,24.8432580424,Akil,Mitchell,A. MitchellA. Mitchell
415,PHX,F,"6'9""",235,4/07/1992, Tony  Mitchell,25.0622861054,Tony,Mitchell,T. MitchellT. Mitchell
416,CHI,C,"6'10""",250,9/05/1977, Nazr  Mohammed,39.6495550992,Nazr,Mohammed,N. MohammedN. Mohammed
417,DET,F/C,"6'11""",250,6/04/1990, Greg  Monroe,26.9048596851,Greg,Monroe,G. MonroeG. Monroe
418,CHI,G,"6'4""",191,2/25/1989, E'Twaun  Moore,28.1752224504,E'Twaun,Moore,E. MooreE. Moore
419,SAC,PF,"6'10""",218,12/24/1991, Eric  Moreland,25.3497604381,Eric,Moreland,E. MorelandE. Moreland
420,BKN,G,"6'4""",195,1/03/1991, Darius  Morris,26.3216974675,Darius,Morris,D. MorrisD. Morris
421,PHX,F,"6'9""",235,9/02/1989, Marcus  Morris,27.6577686516,Marcus,Morris,M. MorrisM. Morris
422,PHX,F/C,"6'10""",245,9/02/1989, Markieff  Morris,27.6577686516,Markieff,Morris,M. MorrisM. Morris
423,OKC,G/F,"6'6""",210,9/27/1985, Anthony  Morrow,31.5893223819,Anthony,Morrow,A. MorrowA. Morrow
424,HOU,F,"7'0""",222,9/20/1990, Donatas  Motiejunas,26.6091718001,Donatas,Motiejunas,D. MotiejunasD. Motiejunas
425,FA,PF,"6'10""",235,10/16/1990, Brock  Motum,26.5379876797,Brock,Motum,B. MotumB. Motum
426,FA,PF,"6'10""",240,11/18/1990, Arnett  Moultrie,26.4476386037,Arnett,Moultrie,A. MoultrieA. Moultrie
427,CLE,C,"7'1""",250,7/16/1986, Timofey  Mozgov,30.7898699521,Timofey,Mozgov,T. MozgovT. Mozgov
428,MIN,G/F,"6'6""",227,11/13/1992, Shabazz  Muhammad,24.4599589322,Shabazz,Muhammad,S. MuhammadS. Muhammad
429,FA,F/C,"7'0""",275,2/14/1989, Byron  Mullens,28.205338809,Byron,Mullens,B. MullensB. Mullens
430,FA,F/C,"6'10""",230,10/26/1990, Erik  Murphy,26.5106091718,Erik,Murphy,E. MurphyE. Murphy
431,FA,G,"6'7""",185,3/06/1990, Kevin  Murphy,27.151266256,Kevin,Murphy,K. MurphyK. Murphy
432,WSH,SG,"6'5""",194,11/08/1989, Toure'  Murry,27.4743326489,Toure',Murry,T. MurryT. Murry
433,ATL,C,"6'11""",240,7/01/1991, Mike  Muscala,25.8316221766,Mike,Muscala,M. MuscalaM. Muscala
434,MIA,PG,"6'1""",175,7/14/1991, Shabazz  Napier,25.7960301164,Shabazz,Napier,S. NapierS. Napier
435,LAL,PG,"6'3""",180,2/07/1974, Steve  Nash,43.2251882272,Steve,Nash,S. NashS. Nash
436,FA,C,"7'0""",235,1/12/1987, Hamady  Ndiaye,30.2970568104,Hamady,Ndiaye,H. NdiayeH. Ndiaye
437,MIN,G,"6'4""",210,10/03/1984, Gary  Neal,32.5722108145,Gary,Neal,G. NealG. Neal
438,GS,G,"6'3""",197,6/16/1991, Nemanja  Nedovic,25.8726899384,Nemanja,Nedovic,N. NedovicN. Nedovic
439,DEN,PG,"6'0""",200,2/09/1982, Jameer  Nelson,35.2197125257,Jameer,Nelson,J. NelsonJ. Nelson
440,ORL,PF,"6'9""",250,12/08/1989, Andrew  Nicholson,27.3921971253,Andrew,Nicholson,A. NicholsonA. Nicholson
441,CHI,F/C,"6'11""",232,2/25/1985, Joakim  Noah,32.1752224504,Joakim,Noah,J. NoahJ. Noah
442,PHI,F/C,"6'10""",228,4/10/1994, Nerlens  Noel,23.0554414784,Nerlens,Noel,N. NoelN. Noel
443,TOR,C,"7'0""",220,7/26/1992, Lucas  Nogueira,24.7611225188,Lucas,Nogueira,L. NogueiraL. Nogueira
444,OKC,F,"6'10""",225,6/13/1983, Steve  Novak,33.8809034908,Steve,Novak,S. NovakS. Novak
445,DAL,F/C,"7'0""",245,6/19/1978, Dirk  Nowitzki,38.8637919233,Dirk,Nowitzki,D. NowitzkiD. Nowitzki
446,DEN,C,"7'0""",280,8/23/1994, Jusuf  Nurkic,22.6858316222,Jusuf,Nurkic,J. NurkicJ. Nurkic
447,MIL,PF,"6'9""",265,6/01/1993, Johnny  O'Bryant,23.9123887748,Johnny,O'Bryant,J. O'BryantJ. O'Bryant
448,FA,C,"6'11""",262,10/13/1978, Jermaine  O'Neal,38.546201232,Jermaine,O'Neal,J. O'NealJ. O'Neal
449,ORL,F/C,"6'10""",250,3/26/1990, Kyle  O'Quinn,27.0965092402,Kyle,O'Quinn,K. O'QuinnK. O'Quinn
450,FA,C,"7'0""",273,1/22/1988, Greg  Oden,29.2703627652,Greg,Oden,G. OdenG. Oden
451,FA,F,"6'10""",245,11/06/1979, Lamar  Odom,37.4811772758,Lamar,Odom,L. OdomL. Odom
452,FA,C,"6'11""",260,9/28/1982, Emeka  Okafor,34.5872689938,Emeka,Okafor,E. OkaforE. Okafor
453,ORL,G,"6'4""",210,5/04/1992, Victor  Oladipo,24.9883641342,Victor,Oladipo,V. OladipoV. Oladipo
454,BOS,C,"7'0""",238,4/19/1991, Kelly  Olynyk,26.0314852841,Kelly,Olynyk,K. OlynykK. Olynyk
455,MIN,PF,"6'10""",275,7/13/1987, Arinze  Onuaku,29.7987679671,Arinze,Onuaku,A. OnuakuA. Onuaku
456,FA,F/C,"6'10""",275,8/06/1990, Daniel  Orton,26.7323750856,Daniel,Orton,D. OrtonD. Orton
457,FA,F,"6'9""",210,9/18/1984, Travis  Outlaw,32.6132785763,Travis,Outlaw,T. OutlawT. Outlaw
458,MIL,C,"6'11""",270,2/10/1984, Zaza  Pachulia,33.2183436003,Zaza,Pachulia,Z. PachuliaZ. Pachulia
459,HOU,F,"6'8""",225,7/31/1990, Kostas  Papanikolaou,26.7488021903,Kostas,Papanikolaou,K. PapanikolaouK. Papanikolaou
460,CHA,PG,"6'1""",175,10/22/1979, Jannero  Pargo,37.5222450376,Jannero,Pargo,J. PargoJ. Pargo
461,MIL,F,"6'8""",240,3/15/1995, Jabari  Parker,22.1273100616,Jabari,Parker,J. ParkerJ. Parker
462,SA,PG,"6'2""",185,5/17/1982, Tony  Parker,34.9541409993,Tony,Parker,T. ParkerT. Parker
463,DAL,F,"6'10""",230,10/25/1988, Chandler  Parsons,28.5119780972,Chandler,Parsons,C. ParsonsC. Parsons
464,FA,SG,"6'6""",212,8/12/1991, Lamar  Patterson,25.7166324435,Lamar,Patterson,L. PattersonL. Patterson
465,TOR,F/C,"6'9""",235,3/14/1989, Patrick  Patterson,28.128678987,Patrick,Patterson,P. PattersonP. Patterson
466,LAC,PG,"6'0""",175,5/06/1985, Chris  Paul,31.9835728953,Chris,Paul,C. PaulC. Paul
467,MIN,PF,"6'10""",240,2/19/1991, Adreian  Payne,26.1930184805,Adreian,Payne,A. PayneA. Payne
468,ORL,PG,"6'4""",185,2/22/1994, Elfrid  Payton,23.1841204654,Elfrid,Payton,E. PaytonE. Payton
469,MIN,C,"6'11""",295,1/03/1986, Nikola  Pekovic,31.3210130048,Nikola,Pekovic,N. PekovicN. Pekovic
470,CLE,C,"6'10""",270,11/10/1984, Kendrick  Perkins,32.4681724846,Kendrick,Perkins,K. PerkinsK. Perkins
471,WSH,F,"6'7""",235,10/13/1977, Paul  Pierce,39.5455167693,Paul,Pierce,P. PierceP. Pierce
472,FA,C,"6'11""",285,3/02/1988, Dexter  Pittman,29.1608487337,Dexter,Pittman,D. PittmanD. Pittman
473,FA,C,"7'1""",242,11/02/1989, Tibor  Pleiss,27.4907597536,Tibor,Pleiss,T. PleissT. Pleiss
474,BKN,F/C,"6'11""",235,3/05/1990, Mason  Plumlee,27.1540041068,Mason,Plumlee,M. PlumleeM. Plumlee
475,MIL,F/C,"6'11""",255,9/01/1988, Miles  Plumlee,28.6598220397,Miles,Plumlee,M. PlumleeM. Plumlee
476,NO,G/F,"6'7""",220,3/10/1988, Quincy  Pondexter,29.1389459274,Quincy,Pondexter,Q. PondexterQ. Pondexter
477,WSH,SF,"6'8""",205,6/03/1993, Otto  Porter,23.9069130732,Otto,Porter,O. PorterO. Porter
478,DAL,PF,"6'11""",240,7/20/1991, Dwight  Powell,25.7796030116,Dwight,Powell,D. PowellD. Powell
479,FA,F/C,"6'9""",240,1/25/1983, Josh  Powell,34.2614647502,Josh,Powell,J. PowellJ. Powell
480,FA,PF,"6'6""",212,5/29/1991, Casey  Prather,25.9219712526,Casey,Prather,C. PratherC. Prather
481,FA,F,"6'9""",220,9/06/1987, Emir  Preldzic,29.6481861739,Emir,Preldzic,E. PreldzicE. Preldzic
482,BOS,PG,"5'11""",175,2/17/1991, Phil  Pressey,26.1984941821,Phil,Pressey,P. PresseyP. Pressey
483,PHX,PG,"6'2""",195,10/07/1986, A.J.  Price,30.5626283368,A.J.,Price,A. PriceA. Price
484,LAL,G,"6'2""",190,6/21/1983, Ronnie  Price,33.8590006845,Ronnie,Price,R. PriceR. Price
485,HOU,G,"6'3""",185,5/17/1977, Pablo  Prigioni,39.9534565366,Pablo,Prigioni,P. PrigioniP. Prigioni
486,DET,F,"6'9""",215,2/28/1980, Tayshaun  Prince,37.1690622861,Tayshaun,Prince,T. PrinceT. Prince
487,FA,C,"6'11""",260,11/03/1988, Brian  Qvale,28.4873374401,Brian,Qvale,B. QvaleB. Qvale
488,MIN,C,"7'1""",280,1/05/1988, Miroslav  Raduljica,29.3169062286,Miroslav,Raduljica,M. RaduljicaM. Raduljica
489,FA,F,"6'10""",270,2/19/1985, Mikolan  Rakovic,32.1916495551,Mikolan,Rakovic,M. RakovicM. Rakovic
490,LAL,PF,"6'9""",250,11/29/1994, Julius  Randle,22.417522245,Julius,Randle,J. RandleJ. Randle
491,FA,F/C,"6'11""",225,7/15/1989, Anthony  Randolph,27.7919233402,Anthony,Randolph,A. RandolphA. Randolph
492,DEN,PF,"6'10""",245,11/24/1983, Shavlik  Randolph,33.4318959617,Shavlik,Randolph,S. RandolphS. Randolph
493,MEM,F/C,"6'9""",260,7/16/1981, Zach  Randolph,35.7891854894,Zach,Randolph,Z. RandolphZ. Randolph
494,LAC,SG,"6'4""",190,6/24/1984, J.J.  Redick,32.848733744,J.J.,Redick,J. RedickJ. Redick
495,FA,F,"6'9""",220,5/16/1990, Willie  Reed,26.9568788501,Willie,Reed,W. ReedW. Reed
496,WSH,G/F,"6'6""",215,1/01/1991, Glen  Rice Jr.,26.3271731691,Glen,Rice Jr.,G. Rice Jr.G. Rice Jr.
497,PHI,G/F,"6'6""",225,1/20/1981, Jason  Richardson,36.2737850787,Jason,Richardson,J. RichardsonJ. Richardson
498,ORL,G,"6'2""",175,2/13/1981, Luke  Ridnour,36.2080766598,Luke,Ridnour,L. RidnourL. Ridnour
499,LAC,G,"6'4""",200,8/01/1992, Austin  Rivers,24.7446954141,Austin,Rivers,A. RiversA. Rivers
500,OKC,G/F,"6'7""",210,12/04/1991, Andre  Roberson,25.4045174538,Andre,Roberson,A. RobersonA. Roberson
501,CHA,G,"6'1""",173,12/03/1985, Brian  Roberts,31.4058863792,Brian,Roberts,B. RobertsB. Roberts
502,PHI,PF,"6'8""",225,8/05/1991, Ronald  Roberts,25.735797399,Ronald,Roberts,R. RobertsR. Roberts
503,LAC,G,"5'9""",180,5/31/1984, Nate  Robinson,32.9144421629,Nate,Robinson,N. RobinsonN. Robinson
504,PHI,PF,"6'10""",237,3/17/1991, Thomas  Robinson,26.12183436,Thomas,Robinson,T. RobinsonT. Robinson
505,PHI,SF,"6'6""",222,1/08/1994, Glenn  Robinson III,23.3073237509,Glenn,Robinson III,G. Robinson IIIG. Robinson III
506,DAL,PG,"6'1""",186,2/22/1986, Rajon  Rondo,31.1841204654,Rajon,Rondo,R. RondoR. Rondo
507,CHI,PG,"6'3""",190,10/04/1988, Derrick  Rose,28.5694729637,Derrick,Rose,D. RoseD. Rose
508,TOR,G/F,"6'7""",195,2/05/1991, Terrence  Ross,26.2313483915,Terrence,Ross,T. RossT. Ross
509,MIN,PG,"6'4""",192,10/21/1990, Ricky  Rubio,26.5242984257,Ricky,Rubio,R. RubioR. Rubio
510,IND,G/F,"6'10""",230,6/17/1986, Damjan  Rudez,30.8692676249,Damjan,Rudez,D. RudezD. Rudez
511,GS,SG,"6'6""",220,7/07/1985, Brandon  Rush,31.8138261465,Brandon,Rush,B. RushB. Rush
512,LAL,C,"7'0""",270,6/06/1989, Robert  Sacre,27.8986995209,Robert,Sacre,R. SacreR. Sacre
513,PHX,G/F,"6'6""",207,12/12/1979, John  Salmons,37.3826146475,John,Salmons,J. SalmonsJ. Salmons
514,PHI,F,"6'9""",214,3/20/1993, Jakarr  Sampson,24.1122518823,Jakarr,Sampson,J. SampsonJ. Sampson
515,FA,PF,"6'9""",230,5/26/1988, Orlando  Sanchez,28.9281314168,Orlando,Sanchez,O. SanchezO. Sanchez
516,MIL,F/C,"6'11""",230,11/21/1988, Larry  Sanders,28.4380561259,Larry,Sanders,L. SandersL. Sanders
517,FA,PF,"6'10""",225,4/08/1994, Dario  Saric,23.06091718,Dario,Saric,D. SaricD. Saric
518,ATL,PG,"6'1""",172,9/15/1993, Dennis  Schroder,23.6221765914,Dennis,Schroder,D. SchroderD. Schroder
519,IND,F/C,"6'9""",240,4/30/1980, Luis  Scola,36.9993155373,Luis,Scola,L. ScolaL. Scola
520,ATL,PF,"6'8""",237,7/16/1988, Mike  Scott,28.7885010267,Mike,Scott,M. ScottM. Scott
521,ATL,G/F,"6'7""",220,5/02/1984, Thabo  Sefolosha,32.9938398357,Thabo,Sefolosha,T. SefoloshaT. Sefolosha
522,WSH,F/C,"6'9""",275,12/07/1989, Kevin  Seraphin,27.394934976,Kevin,Seraphin,K. SeraphinK. Seraphin
523,WSH,G,"6'3""",190,4/11/1986, Ramon  Sessions,31.0527036277,Ramon,Sessions,R. SessionsR. Sessions
524,CLE,G/F,"6'5""",220,6/26/1990, Iman  Shumpert,26.8446269678,Iman,Shumpert,I. ShumpertI. Shumpert
525,NY,G,"6'6""",187,12/16/1988, Alexey  Shved,28.3696098563,Alexey,Shved,A. ShvedA. Shved
526,FA,SG,"6'5""",205,1/22/1988, Xavier  Silas,29.2703627652,Xavier,Silas,X. SilasX. Silas
527,PHI,C,"6'10""",248,3/27/1990, Henry  Sims,27.0937713895,Henry,Sims,H. SimsH. Sims
528,OKC,G/F,"6'8""",228,5/04/1988, Kyle  Singler,28.9883641342,Kyle,Singler,K. SinglerK. Singler
529,FA,SF,"6'9""",228,11/21/1989, Chris  Singleton,27.4387405886,Chris,Singleton,C. SingletonC. Singleton
530,FA,PG,"6'0""",185,10/24/1990, Peyton  Siva,26.5160848734,Peyton,Siva,P. SivaP. Siva
531,IND,G,"6'3""",210,1/15/1988, Donald  Sloan,29.2895277207,Donald,Sloan,D. SloanD. Sloan
532,BOS,PG,"6'4""",220,3/06/1994, Marcus  Smart,23.151266256,Marcus,Smart,M. SmartM. Smart
533,DAL,F/C,"6'10""",260,1/08/1991, Greg  Smith,26.3080082136,Greg,Smith,G. SmithG. Smith
534,PHI,PG,"6'0""",175,7/05/1988, Ish  Smith,28.8186173854,Ish,Smith,I. SmithI. Smith
535,CLE,G/F,"6'6""",220,9/09/1985, J.R.  Smith,31.6386036961,J.R.,Smith,J. SmithJ. Smith
536,NY,F/C,"7'0""",240,3/02/1986, Jason  Smith,31.1622176591,Jason,Smith,J. SmithJ. Smith
537,HOU,F,"6'9""",225,12/05/1985, Josh  Smith,31.4004106776,Josh,Smith,J. SmithJ. Smith
538,FA,PF,"6'8""",215,5/01/1991, Roscoe  Smith,25.9986310746,Roscoe,Smith,R. SmithR. Smith
539,MEM,PG,"6'0""",165,4/19/1991, Russ  Smith,26.0314852841,Russ,Smith,R. SmithR. Smith
540,CHI,G/F,"6'7""",200,11/10/1991, Tony  Snell,25.4702258727,Tony,Snell,T. SnellT. Snell
541,FA,PF,"6'10""",235,6/18/1992, Richard  Solomon,24.8651608487,Richard,Solomon,R. SolomonR. Solomon
542,FA,SF,"6'8""",215,4/28/1990, James  Southerland,27.0061601643,James,Southerland,J. SoutherlandJ. Southerland
543,GS,F/C,"6'10""",255,8/04/1987, Marreese  Speights,29.7385352498,Marreese,Speights,M. SpeightsM. Speights
544,SA,C,"6'11""",245,1/01/1985, Tiago  Splitter,32.3258042437,Tiago,Splitter,T. SplitterT. Splitter
545,SAC,SG,"6'6""",205,10/07/1993, Nik  Stauskas,23.5619438741,Nik,Stauskas,N. StauskasN. Stauskas
546,FA,SF,"6'5""",188,12/19/1990, D.J.  Stephens,26.3627652293,D.J.,Stephens,D. StephensD. Stephens
547,LAC,G/F,"6'5""",230,9/05/1990, Lance  Stephenson,26.6502395619,Lance,Stephenson,L. StephensonL. Stephenson
548,TOR,C,"6'11""",260,9/26/1985, Greg  Stiemsma,31.5920602327,Greg,Stiemsma,G. StiemsmaG. Stiemsma
549,SAC,PG,"5'11""",165,6/24/1991, David  Stockton,25.8507871321,David,Stockton,D. StocktonD. Stockton
550,MEM,PF,"6'9""",263,1/07/1994, Jarnell  Stokes,23.3100616016,Jarnell,Stokes,J. StokesJ. Stokes
551,FA,G/F,"6'6""",196,12/07/1988, Julyan  Stone,28.3942505133,Julyan,Stone,J. StoneJ. Stone
552,DAL,F/C,"6'11""",245,11/16/1982, Amar'e  Stoudemire,34.4531143053,Amar'e,Stoudemire,A. StoudemireA. Stoudemire
553,IND,G,"6'5""",210,4/21/1986, Rodney  Stuckey,31.0253251198,Rodney,Stuckey,R. StuckeyR. Stuckey
554,BOS,F/C,"6'9""",260,3/04/1992, Jared  Sullinger,25.1553730322,Jared,Sullinger,J. SullingerJ. Sullinger
555,FA,C,"7'3""",265,3/22/1992, Walter  Tavares,25.106091718,Walter,Tavares,W. TavaresW. Tavares
556,CHA,G/F,"6'7""",225,5/23/1989, Jeffery  Taylor,27.9370294319,Jeffery,Taylor,J. TaylorJ. Taylor
557,ATL,PG,"6'2""",186,6/10/1988, Jeff  Teague,28.887063655,Jeff,Teague,J. TeagueJ. Teague
558,FA,PG,"6'2""",189,2/28/1993, Marquis  Teague,24.167008898,Marquis,Teague,M. TeagueM. Teague
559,BKN,F,"6'9""",242,9/17/1985, Mirza  Teletovic,31.6167008898,Mirza,Teletovic,M. TeletovicM. Teletovic
560,OKC,PG,"6'0""",170,6/09/1985, Sebastian  Telfair,31.8904859685,Sebastian,Telfair,S. TelfairS. Telfair
561,WSH,G,"6'6""",195,5/08/1986, Garrett  Temple,30.9787816564,Garrett,Temple,G. TempleG. Temple
562,HOU,G,"6'2""",180,9/15/1977, Jason  Terry,39.6221765914,Jason,Terry,J. TerryJ. Terry
563,FA,C,"7'3""",263,2/16/1987, Hasheem  Thabeet,30.2012320329,Hasheem,Thabeet,H. ThabeetH. Thabeet
564,FA,PG,"6'3""",195,1/09/1991, Xavier  Thames,26.3052703628,Xavier,Thames,X. ThamesX. Thames
565,FA,SF,"6'7""",240,3/25/1993, Adonis  Thomas,24.0985626283,Adonis,Thomas,A. ThomasA. Thomas
566,BOS,PG,"5'9""",185,2/07/1989, Isaiah  Thomas,28.2245037645,Isaiah,Thomas,I. ThomasI. Thomas
567,NY,G/F,"6'8""",225,4/24/1988, Lance  Thomas,29.015742642,Lance,Thomas,L. ThomasL. Thomas
568,PHI,F,"6'9""",215,11/08/1988, Malcolm  Thomas,28.4736481862,Malcolm,Thomas,M. ThomasM. Thomas
569,MEM,PF,"6'10""",225,8/17/1986, Tyrus  Thomas,30.7022587269,Tyrus,Thomas,T. ThomasT. Thomas
570,PHI,G/F,"6'8""",206,4/03/1991, Hollis  Thompson,26.0752908966,Hollis,Thompson,H. ThompsonH. Thompson
571,SAC,F/C,"6'11""",250,7/21/1986, Jason  Thompson,30.7761806982,Jason,Thompson,J. ThompsonJ. Thompson
572,GS,G/F,"6'7""",215,2/08/1990, Klay  Thompson,27.2224503765,Klay,Thompson,K. ThompsonK. Thompson
573,CLE,F/C,"6'10""",238,3/13/1991, Tristan  Thompson,26.1327857632,Tristan,Thompson,T. ThompsonT. Thompson
574,PHX,SG,"6'4""",205,6/05/1987, Marcus  Thornton,29.9028062971,Marcus,Thornton,M. ThorntonM. Thornton
575,FA,PG,"5'9""",160,7/30/1993, Yuki  Togashi,23.7508555784,Yuki,Togashi,Y. TogashiY. Togashi
576,DET,F,"6'8""",240,6/01/1985, Anthony  Tolliver,31.9123887748,Anthony,Tolliver,A. TolliverA. Tolliver
577,PHX,G/F,"6'6""",260,5/05/1985, P.J.  Tucker,31.9863107461,P.J.,Tucker,P. TuckerP. Tucker
578,PHI,F/C,"6'10""",249,1/13/1983, Ronny  Turiaf,34.2943189596,Ronny,Turiaf,R. TuriafR. Turiaf
579,LAC,F,"6'10""",220,3/19/1979, Hedo  Turkoglu,38.1163586585,Hedo,Turkoglu,H. TurkogluH. Turkoglu
580,BOS,G/F,"6'7""",205,10/27/1988, Evan  Turner,28.5065023956,Evan,Turner,E. TurnerE. Turner
581,FA,C,"6'10""",260,6/21/1991, Jeremy  Tyler,25.8590006845,Jeremy,Tyler,J. TylerJ. Tyler
582,LAC,F/C,"6'10""",245,5/20/1987, Ekpe  Udoh,29.9466119097,Ekpe,Udoh,E. UdohE. Udoh
583,MEM,PG,"6'3""",205,7/05/1982, Beno  Udrih,34.8199863107,Beno,Udrih,B. UdrihB. Udrih
584,TOR,C,"7'0""",240,5/06/1992, Jonas  Valanciunas,24.9828884326,Jonas,Valanciunas,J. ValanciunasJ. Valanciunas
585,FA,C,"7'1""",245,3/25/1990, Jordan  Vandenberg,27.099247091,Jordan,Vandenberg,J. VandenbergJ. Vandenberg
586,CLE,F/C,"6'11""",267,9/28/1982, Anderson  Varejao,34.5872689938,Anderson,Varejao,A. VarejaoA. Varejao
587,FA,F,"6'10""",225,3/01/1988, Jarvis  Varnado,29.1635865845,Jarvis,Varnado,J. VarnadoJ. Varnado
588,TOR,G,"6'6""",200,1/16/1987, Greivis  Vasquez,30.2861054073,Greivis,Vasquez,G. VasquezG. Vasquez
589,FA,PF,"6'11""",240,4/24/1990, Jan  Vesely,27.0171115674,Jan,Vesely,J. VeselyJ. Vesely
590,DAL,PF,"6'11""",238,8/24/1984, Charlie  Villanueva,32.681724846,Charlie,Villanueva,C. VillanuevaC. Villanueva
591,CHA,PF,"6'10""",240,8/24/1995, Noah  Vonleh,21.6837782341,Noah,Vonleh,N. VonlehN. Vonleh
592,ORL,F/C,"7'0""",260,10/24/1990, Nikola  Vucevic,26.5160848734,Nikola,Vucevic,N. VucevicN. Vucevic
593,MIA,G,"6'4""",220,1/17/1982, Dwyane  Wade,35.2826830938,Dwyane,Wade,D. WadeD. Wade
594,OKC,G/F,"6'4""",225,12/10/1991, Dion  Waiters,25.3880903491,Dion,Waiters,D. WaitersD. Waiters
595,MIA,G/F,"6'6""",235,10/09/1987, Henry  Walker,29.5578370979,Henry,Walker,H. WalkerH. Walker
596,CHA,PG,"6'1""",184,5/08/1990, Kemba  Walker,26.9787816564,Kemba,Walker,K. WalkerK. Walker
597,WSH,PG,"6'4""",195,9/06/1990, John  Wall,26.6475017112,John,Wall,J. WallJ. Wall
598,BOS,F,"6'7""",220,7/23/1982, Gerald  Wallace,34.7707049966,Gerald,Wallace,G. WallaceG. Wallace
599,FA,PG,"5'10""",175,1/19/1990, Casper  Ware,27.2772073922,Casper,Ware,C. WareC. Ware
600,PHX,SF,"6'8""",230,9/05/1993, T.J.  Warren,23.6495550992,T.J.,Warren,T. WarrenT. Warren
601,FA,PF,"6'9""",232,4/28/1991, Christian  Watford,26.006844627,Christian,Watford,C. WatfordC. Watford
602,IND,PG,"6'2""",175,4/17/1984, C.J.  Watson,33.0349075975,C.J.,Watson,C. WatsonC. Watson
603,FA,PG,"6'1""",200,6/12/1979, Earl  Watson,37.8836413415,Earl,Watson,E. WatsonE. Watson
604,FA,PF,"6'10""",225,12/14/1989, Mitchell  Watt,27.3757700205,Mitchell,Watt,M. WattM. Watt
605,SAC,PF,"6'10""",230,9/21/1990, David  Wear,26.6064339493,David,Wear,D. WearD. Wear
606,NY,PF,"6'10""",230,9/21/1990, Travis  Wear,26.6064339493,Travis,Wear,T. WearT. Wear
607,WSH,G/F,"6'7""",235,12/04/1986, Martell  Webster,30.4038329911,Martell,Webster,M. WebsterM. Webster
608,IND,PF,"6'9""",250,8/29/1980, David  West,36.6680355921,David,West,D. WestD. West
609,OKC,PG,"6'3""",200,11/12/1988, Russell  Westbrook,28.462696783,Russell,Westbrook,R. WestbrookR. Westbrook
610,FA,PF,"6'9""",250,8/31/1986, DJ  White,30.6639288159,DJ,White,D. WhiteD. White
611,MIA,C,"7'0""",235,6/13/1989, Hassan  Whiteside,27.8795345654,Hassan,Whiteside,H. WhitesideH. Whiteside
612,IND,C,"6'11""",250,3/27/1991, Shayne  Whittington,26.0944558522,Shayne,Whittington,S. WhittingtonS. Whittington
613,MIN,G/F,"6'8""",200,2/23/1995, Andrew  Wiggins,22.1820670773,Andrew,Wiggins,A. WigginsA. Wiggins
614,LAC,SG,"6'5""",195,12/30/1990, C.J.  Wilcox,26.3326488706,C.J.,Wilcox,C. WilcoxC. Wilcox
615,BKN,PG,"6'3""",209,6/26/1984, Deron  Williams,32.8432580424,Deron,Williams,D. WilliamsD. Williams
616,SAC,F,"6'8""",240,5/25/1991, Derrick  Williams,25.9329226557,Derrick,Williams,D. WilliamsD. Williams
617,NO,SG,"6'5""",190,6/20/1989, Elliot  Williams,27.8603696099,Elliot,Williams,E. WilliamsE. Williams
618,FA,SF,"6'8""",195,3/29/1989, Latavious  Williams,28.0876112252,Latavious,Williams,L. WilliamsL. Williams
619,TOR,G,"6'1""",175,10/27/1986, Lou  Williams,30.507871321,Lou,Williams,L. WilliamsL. Williams
620,FA,F,"6'7""",205,11/18/1986, Marcus  Williams,30.4476386037,Marcus,Williams,M. WilliamsM. Williams
621,CHA,F,"6'9""",237,6/19/1986, Marvin  Williams,30.8637919233,Marvin,Williams,M. WilliamsM. Williams
622,CHA,G,"6'1""",195,12/19/1982, Mo  Williams,34.3627652293,Mo,Williams,M. WilliamsM. Williams
623,SA,G/F,"6'6""",207,9/14/1986, Reggie  Williams,30.6255989049,Reggie,Williams,R. WilliamsR. Williams
624,MIL,F,"6'10""",230,2/16/1986, Shawne  Williams,31.2005475702,Shawne,Williams,S. WilliamsS. Williams
625,FA,PF,"6'7""",230,11/21/1990, Jamil  Wilson,26.4394250513,Jamil,Wilson,J. WilsonJ. Wilson
626,NO,C,"7'0""",235,3/07/1990, Jeff  Withey,27.1485284052,Jeff,Withey,J. WitheyJ. Withey
627,NO,PG,"6'4""",190,5/15/1991, Nate  Wolters,25.9603011636,Nate,Wolters,N. WoltersN. Wolters
628,PHX,F/C,"6'10""",240,10/05/1987, Brandan  Wright,29.568788501,Brandan,Wright,B. WrightB. Wright
629,FA,F,"6'7""",218,9/30/1988, Chris  Wright,28.5804243669,Chris,Wright,C. WrightC. Wright
630,POR,G/F,"6'9""",205,12/02/1985, Dorell  Wright,31.40862423,Dorell,Wright,D. WrightD. Wright
631,PHI,G,"6'6""",205,4/13/1993, Tony  Wroten,24.0465434634,Tony,Wroten,T. WrotenT. Wroten
632,BOS,SG,"6'6""",215,8/16/1995, James  Young,21.7056810404,James,Young,J. YoungJ. Young
633,LAL,G/F,"6'7""",210,6/01/1985, Nick  Young,31.9123887748,Nick,Young,N. YoungN. Young
634,NO,PF,"6'9""",240,2/01/1992, Patric  Young,25.2429842574,Patric,Young,P. YoungP. Young
635,BKN,F,"6'8""",220,6/21/1988, Thaddeus  Young,28.8569472964,Thaddeus,Young,T. YoungT. Young
636,FA,PF,"6'9""",230,10/01/1990, Talib  Zanna,26.5790554415,Talib,Zanna,T. ZannaT. Zanna
637,CHA,F/C,"7'0""",240,10/05/1992, Cody  Zeller,24.5667351129,Cody,Zeller,C. ZellerC. Zeller
638,BOS,F/C,"7'0""",250,1/17/1990, Tyler  Zeller,27.2826830938,Tyler,Zeller,T. ZellerT. Zeller
